n,d,is_int8,flops,memory_bytes,arithmetic_intensity,aspect_ratio,score_matrix_size,pad_overhead_n,pad_overhead_d,latency_gpu,latency_npu,latency_gpu_fused,latency_npu_fused,gpu_qkv,npu_qkv,gpu_qk,npu_qk,gpu_sm,npu_sm,gpu_av,npu_av,gpu_attn_fused,npu_attn_fused,best_device_class,speedup_ratio
1,34,0,4760,7278,0.6540258312723276,0.029411764705882353,1,0.96875,0.46875,1.6257858276367188,0.39731729993945913,0.6441593170166016,0.385956882504009,0.16479015350341797,0.08546999997633975,0.16486644744873047,0.07120716654753778,1.1590003967285156,0.2065143666792816,0.1371288299560547,0.034125766736300044,0.4793691635131836,0.30048688252766925,1,1.6689929528848617
1,34,1,4760,3639,1.3080516625446552,0.029411764705882353,1,0.96875,0.46875,1.8210649490356445,0.3093195001080555,0.5122280120849609,0.3331562653329456,0.20856857299804688,0.037596700106708646,0.19252777099609375,0.03244379998553389,1.2233352661132812,0.20650466661512232,0.19663333892822266,0.032774333400690615,0.30365943908691406,0.295559565226237,1,1.5375007628118798
1,66,0,17688,26798,0.6600492574072692,0.015151515151515152,1,0.96875,0.3125,1.7974328994750977,0.3124306998264122,0.4696035385131836,0.3383665448685254,0.21999359130859375,0.04084400000768559,0.2085113525390625,0.031870166640146635,1.1949872970581055,0.20596019991595918,0.17394065856933594,0.033756333262620807,0.24960994720458984,0.29752254486083984,1,1.3878545194107508
1,66,1,17688,13399,1.3200985148145383,0.015151515151515152,1,0.96875,0.3125,1.8233346939086914,0.31035003351765533,0.5090093612670898,0.3890344734827522,0.21013259887695312,0.039473100090011336,0.1942586898803711,0.032288233342114836,1.226058006286621,0.20535740004561376,0.1928853988647461,0.03323130003991537,0.2988767623901367,0.3495613733927409,1,1.3083914047777998
1,130,0,68120,102702,0.6632782224299429,0.007692307692307693,1,0.96875,0.1875,1.859588623046875,0.3326824666146422,0.5003023147583008,0.3681149532591614,0.24017810821533203,0.05499983332507933,0.23581981658935547,0.033396599974366836,1.219925880432129,0.20855606659703577,0.1636648178100586,0.035729966718160235,0.26012420654296875,0.31311511993408203,1,1.3590926158494747
1,130,1,68120,51351,1.3265564448598859,0.007692307692307693,1,0.96875,0.1875,1.8069934844970703,0.32308643361223705,0.5254364013671875,0.356561382432119,0.21759510040283203,0.047435800055003106,0.1879739761352539,0.0336785333881077,1.2185096740722656,0.20702963338408154,0.18291473388671875,0.03494246678504472,0.30784130096435547,0.3091255823771159,1,1.4736211694692383
1,258,0,267288,401966,0.6649517620893309,0.003875968992248062,1,0.96875,0.10416666666666667,1.8710994720458984,0.382714200047,0.5523252487182617,0.436162394908024,0.2927684783935547,0.09949946664467764,0.2290201187133789,0.03553553336435774,1.2116098403930664,0.209129700063689,0.13770103454589844,0.038549499974275626,0.25955677032470703,0.3366629282633464,1,1.2663293653152599
1,258,1,267288,200983,1.3299035241786619,0.003875968992248062,1,0.96875,0.10416666666666667,1.7715930938720703,0.351660700228725,0.5494403839111328,0.3917316199173607,0.22888660430908203,0.07100300002396882,0.1871347427368164,0.035545233428517044,1.197199821472168,0.20756440001908535,0.1583719253540039,0.03754806675715372,0.3205537796020508,0.3207286198933919,1,1.4025939086230572
1,386,0,597528,897838,0.6655187238677801,0.0025906735751295338,1,0.96875,0.07211538461538461,1.9715118408203125,0.46026036664746545,0.6545925140380859,0.508567816238307,0.35964488983154297,0.16786766670217426,0.25043487548828125,0.03657583329186309,1.1872339248657227,0.21522566664013235,0.17419815063476562,0.04059120001329575,0.29494762420654297,0.3407001495361328,1,1.2871292542258592
1,386,1,597528,448919,1.3310374477355602,0.0025906735751295338,1,0.96875,0.07211538461538461,1.9664907455444336,0.3869920332363109,0.6563091278076172,0.4384758097633797,0.2985191345214844,0.11068999992858153,0.2398395538330078,0.03660496658994816,1.233973503112793,0.19896003335209875,0.19415855407714844,0.040737033365682386,0.3577899932861328,0.32778580983479816,1,1.4967966605997938
1,514,0,1058840,1590318,0.6658039461290132,0.0019455252918287938,1,0.96875,0.05514705882352941,1.9668149948120117,0.5476748331905885,0.6893301010131836,0.6109182534904296,0.39351940155029297,0.2641781666170573,0.23756980895996094,0.037888366568950005,1.1947202682495117,0.20303373336597966,0.1410055160522461,0.04257456663860163,0.2958106994628906,0.3467400868733724,1,1.1283508015593813
1,514,1,1058840,795159,1.3316078922580263,0.0019455252918287938,1,0.96875,0.05514705882352941,1.8944835662841797,0.4654910666431533,0.6675148010253906,0.5059959944143582,0.318450927734375,0.1579604999278672,0.21869659423828125,0.0390258999686921,1.1981582641601562,0.22789403337810654,0.1591777801513672,0.04061063336848747,0.3490638732910156,0.3480354944864909,1,1.3192096546099639
1,770,0,2374680,3565102,0.6660903390702426,0.0012987012987012987,1,0.96875,0.0375,2.3461151123046875,0.8280408334636983,1.0251140594482422,0.9062167185523625,0.6766414642333984,0.5288716334083196,0.2750730514526367,0.04321623334059647,1.2177276611328125,0.20858523336452586,0.17667293548583984,0.04736773335025646,0.34847259521484375,0.37734508514404297,1,1.131201884120845
1,770,1,2374680,1782551,1.3321806781404852,0.0012987012987012987,1,0.96875,0.0375,2.226986885070801,0.5977065000479342,0.9486961364746094,0.6649098896256571,0.508122444152832,0.30051093332682893,0.2852773666381836,0.041271766652547136,1.2325382232666016,0.2099755667586578,0.2010488510131836,0.04594823330990039,0.44057369232177734,0.3643989562988281,1,1.4268040696593087
1,1026,0,4214808,6326318,0.6662339768566803,0.0009746588693957114,1,0.96875,0.028409090909090908,2.669405937194824,0.9202971332949043,1.3804244995117188,0.9894104281556793,1.0225868225097656,0.6447922666363107,0.3005361557006836,0.03917173332107874,1.1842584609985352,0.19192100007785484,0.16202449798583984,0.044412133259659946,0.3578376770019531,0.34461816151936847,1,1.3951990601968016
1,1026,1,4214808,3163159,1.3324679537133606,0.0009746588693957114,1,0.96875,0.028409090909090908,2.4222278594970703,0.8140211333132659,1.158905029296875,0.860563846193448,0.6746196746826172,0.48149419999390375,0.3134727478027344,0.04505380008292074,1.2352371215820312,0.23704283327485123,0.1988983154296875,0.05043029996159021,0.4842853546142578,0.37906964619954425,1,1.3466810561739104
1,1538,0,9467928,14208046,0.6663779100940411,0.0006501950585175553,1,0.96875,0.01913265306122449,2.979855537414551,1.655410833336646,1.6983413696289062,1.7485991429566639,1.265420913696289,1.3751323333660064,0.35574913024902344,0.04521906666923314,1.1933088302612305,0.18568889997065222,0.1653766632080078,0.049370533330754064,0.4329204559326172,0.37346680959065753,0,0.9712582649201246
1,1538,1,9467928,7104023,1.3327558201880823,0.0006501950585175553,1,0.96875,0.01913265306122449,2.986607551574707,1.3195782668238583,1.6592741012573242,1.4338546604752385,1.165781021118164,1.0076337666153752,0.3776216506958008,0.05077060001591841,1.2402057647705078,0.20456986676435918,0.20299911499023438,0.05660403342820549,0.49349308013916016,0.4262208938598633,1,1.157212196602529
1,2050,0,16818200,25235502,0.666449987798935,0.0004878048780487805,1,0.96875,0.014423076923076924,5.665144920349121,2.699951033234053,4.325695037841797,2.9210911697494644,3.7191104888916016,2.385332833364373,0.5643939971923828,0.05123726659803651,1.2046575546264648,0.19058899997617118,0.17698287963867188,0.07279193329547222,0.6065845489501953,0.5357583363850912,1,1.480849034305493
1,2050,1,16818200,12617751,1.33289997559787,0.0004878048780487805,1,0.96875,0.014423076923076924,3.789486885070801,2.0462627333472483,2.4671125411987305,2.1977185635478236,1.908583641052246,1.7195303667297896,0.43701648712158203,0.05586513337523987,1.2407875061035156,0.20522129998425953,0.20309925079345703,0.06564593325795916,0.5585289001464844,0.4781881968180339,1,1.1225789243987723
1,2060,0,16982640,25482202,0.6664510390428582,0.0004854368932038835,1,0.96875,0.009615384615384616,3.796086311340332,2.697841233384679,2.5157928466796875,2.904734661206021,1.9143867492675781,2.398428966625943,0.5278921127319336,0.05117890007871514,1.191573143005371,0.1918237666056181,0.16223430633544922,0.05640960007440299,0.6014060974121094,0.5063056945800781,0,0.8661007424461798
1,2060,1,16982640,12741101,1.3329020780857164,0.0004854368932038835,1,0.96875,0.009615384615384616,3.792586326599121,2.058483800040752,2.488522529602051,2.193156668848436,1.894536018371582,1.7288444333341129,0.4558563232421875,0.056759599950358584,1.2388849258422852,0.20745743337708214,0.2033090591430664,0.06542233337919849,0.5939865112304688,0.46431223551432294,1,1.1346761336976
1,2070,0,17147880,25730102,0.6664520801355548,0.0004830917874396135,1,0.96875,0.004807692307692308,4.8606109619140625,3.705572233472291,3.5669708251953125,3.899421427316459,2.961435317993164,3.36549096670448,0.5342292785644531,0.05833463328599464,1.196122169494629,0.20701023337702887,0.1688241958618164,0.0747364001047875,0.6055355072021484,0.5339304606119791,0,0.9147436079126396
1,2070,1,17147880,12865051,1.3329041602711096,0.0004830917874396135,1,0.96875,0.004807692307692308,2.90769100189209,2.0570740666395673,1.630854606628418,2.2128583881567465,1.0692501068115234,1.7405988666723715,0.4017210006713867,0.056390166719211265,1.2334251403808594,0.1957905333256349,0.2032947540283203,0.06429449992234974,0.5616044998168945,0.472259521484375,0,0.7369900466097505
1,2080,0,17313920,25979202,0.6664531112233547,0.0004807692307692308,1,0.96875,0.0,4.694762229919434,3.2945851666833432,3.229217529296875,3.39427396429528,2.8093338012695312,2.99597983333418,0.5317354202270508,0.0520636667109405,1.1946439743041992,0.1907931666210061,0.15904903411865234,0.05574850001721643,0.41988372802734375,0.3982941309611003,0,0.9513720940811935
1,2080,1,17313920,12989601,1.3329062224467094,0.0004807692307692308,1,0.96875,0.0,3.5306310653686523,2.065347799968246,2.2751569747924805,2.2231238629804766,1.6687488555908203,1.7550366666303792,0.44311046600341797,0.051431699951839015,1.2223243713378906,0.19101680009043775,0.19644737243652344,0.06786263329559006,0.6064081192016602,0.46808719635009766,1,1.02340540384567
1,2090,0,17480760,26229502,0.6664541324497888,0.0004784688995215311,1,0.96875,0.010416666666666666,4.191904067993164,2.770681733333428,2.9120969772338867,4.451352065370884,2.3191070556640625,2.465134566591587,0.5293893814086914,0.05154840000614058,1.1905336380004883,0.19030706668369626,0.15287399291992188,0.06369170005200431,0.5929899215698242,1.9862174987792969,0,0.6542050447746942
1,2090,1,17480760,13114751,1.3329082648995776,0.0004784688995215311,1,0.96875,0.010416666666666666,4.011940956115723,2.09994993347209,2.774171829223633,2.247649190151909,2.130265235900879,1.7654396666330285,0.4366636276245117,0.057061000067430236,1.2402772903442383,0.2109283333993517,0.20473480224609375,0.066520933372279,0.6439065933227539,0.4822095235188802,1,1.234254812262824
1,2100,0,17648400,26481002,0.6664551439556554,0.0004761904761904762,1,0.96875,0.005681818181818182,5.726947784423828,3.793861633190924,4.230861663818359,3.9556693119569295,3.850221633911133,3.452049800034729,0.5313301086425781,0.06058053331798874,1.1925792694091797,0.2062810332669566,0.1528167724609375,0.07495026657124981,0.38064002990722656,0.5036195119222006,1,1.069569099476945
1,2100,1,17648400,13240501,1.3329102879113108,0.0004761904761904762,1,0.96875,0.005681818181818182,3.8587331771850586,2.1132794667209964,2.54150390625,2.248037419243095,1.9666767120361328,1.7840192333096638,0.4537820816040039,0.05744020005901499,1.2432670593261719,0.20783663324740095,0.19500732421875,0.06398340010491665,0.5748271942138672,0.46401818593343097,1,1.1305434173358706
1,2200,0,19368800,29062002,0.666464753529368,0.00045454545454545455,1,0.96875,0.0036231884057971015,4.609799385070801,4.14370423325939,3.082418441772461,4.280816607448894,2.7559614181518555,3.7929963000351563,0.5483007431030273,0.06118333330960013,1.1795997619628906,0.21069503333516573,0.12593746185302734,0.07882956657946731,0.32645702362060547,0.487820307413737,0,0.7200538412247925
1,2200,1,19368800,14531001,1.332929507058736,0.00045454545454545455,1,0.96875,0.0036231884057971015,3.645949363708496,2.285881866555428,2.328624725341797,2.4328028516417057,1.8066596984863281,1.9595578666970443,0.41464805603027344,0.05796519993358137,1.2392520904541016,0.1995725332866035,0.18538951873779297,0.06878626663819887,0.5219650268554688,0.47324498494466144,0,0.9571777358656057
1,2300,0,21169200,31763002,0.666473527911499,0.0004347826086956522,1,0.96875,0.001736111111111111,6.012706756591797,3.2572800664638635,4.723496437072754,3.3783481276865737,4.078273773193359,2.9503231999115087,0.5722761154174805,0.05511653325811494,1.2023019790649414,0.19227096660567136,0.15985488891601562,0.05956936668856846,0.6452226638793945,0.4280249277750651,1,1.398167464851324
1,2300,1,21169200,15881501,1.332947055822998,0.0004347826086956522,1,0.96875,0.001736111111111111,4.209623336791992,2.4184278666022387,2.934560775756836,2.521170519927788,2.3276901245117188,2.1135224333799365,0.44616222381591797,0.059131866631408535,1.240386962890625,0.19361266665024837,0.19538402557373047,0.05216089994064532,0.6068706512451172,0.40764808654785156,1,1.1639675906732752
1,2400,0,23049600,34584002,0.6664815714502909,0.0004166666666666667,1,0.96875,0.0,5.162949562072754,4.802661966580975,3.875126838684082,4.969263809471158,3.2258987426757812,4.457291699994433,0.5843544006347656,0.0627388999419054,1.1979198455810547,0.22248833326254194,0.15477657318115234,0.06014303338209478,0.6492280960083008,0.5119721094767252,0,0.7798191014327498
1,2400,1,23049600,17292001,1.3329631429005817,0.0004166666666666667,1,0.96875,0.0,3.0800819396972656,2.6398467332910514,1.8087196350097656,2.7813019679645854,1.1553525924682617,2.293902866707261,0.49034595489501953,0.06049303325805037,1.2399721145629883,0.2123575333826011,0.1944112777709961,0.07309329994313885,0.6533670425415039,0.4873991012573242,0,0.6503140097130209
1,2500,0,25010000,37525002,0.6664889718060508,0.0004,1,0.96875,0.011075949367088608,6.806502342224121,5.244284299988066,5.528926849365234,5.411616727360524,5.134782791137695,4.885983233301279,0.33743858337402344,0.06456673339319725,1.1832904815673828,0.20771993331436533,0.15099048614501953,0.08601439997922473,0.39414405822753906,0.5256334940592448,1,1.0216774631158936
1,2500,1,25010000,18762501,1.3329779436121016,0.0004,1,0.96875,0.011075949367088608,4.419817924499512,2.874750633418444,3.0847549438476562,3.0216801607214925,2.6788330078125,2.5320637666785237,0.30538082122802734,0.061397200018594354,1.2497711181640625,0.2082158000121126,0.18583297729492188,0.07307386670921308,0.40592193603515625,0.48961639404296875,1,1.020874076596877
1,2600,0,27050400,40586002,0.6664958031589315,0.0003846153846153846,1,0.96875,0.009146341463414634,5.267572402954102,5.6708369666012,3.87176513671875,5.786760160845006,3.411102294921875,5.27010709993192,0.5190753936767578,0.06638483331092478,1.191868782043457,0.25060563336107106,0.14552593231201172,0.08373939999728464,0.460662841796875,0.5166530609130859,0,0.6690730268927163
1,2600,1,27050400,20293001,1.332991606317863,0.0003846153846153846,1,0.96875,0.009146341463414634,3.154287338256836,3.0385056665788093,1.8879938125610352,3.197710055974312,1.2600469589233398,2.7003688999684528,0.4543018341064453,0.06511119997109442,1.2446117401123047,0.1982891666557407,0.1953268051147461,0.07473639998352155,0.6279468536376953,0.4973411560058594,0,0.5904205758222758
1,2800,0,31371200,47068002,0.6665080026129003,0.00035714285714285714,1,0.96875,0.005681818181818182,8.440203666687012,6.417218933468879,6.951732635498047,6.535432058080914,6.581101417541504,6.079043266678734,0.582127571105957,0.069564066749687,1.1508798599243164,0.20340316671839295,0.12609481811523438,0.0652084333220652,0.37063121795654297,0.45638879140218097,1,1.0636990138857592
1,2800,1,31371200,23534001,1.3330160052258007,0.00035714285714285714,1,0.96875,0.005681818181818182,3.1531286239624023,2.993782366562906,1.9674873352050781,3.1456522381631657,1.251215934753418,2.6848129666177556,0.4488515853881836,0.056915166593777634,1.2536334991455078,0.19408906664466485,0.19942760467529297,0.05796516670670826,0.7162714004516602,0.46083927154541016,0,0.6254624434752994
1,3000,0,36012000,54030002,0.6665185761051795,0.0003333333333333333,1,0.96875,0.0026595744680851063,6.448273658752441,5.771930766786682,5.206437110900879,6.021073597003124,4.819526672363281,5.44971936675817,0.32952308654785156,0.06193196677486412,1.1560487747192383,0.19127926667958187,0.1431751251220703,0.0690001665740662,0.38691043853759766,0.5713542302449545,0,0.8647024533120281
1,3000,1,36012000,27015001,1.333037152210359,0.0003333333333333333,1,0.96875,0.0026595744680851063,3.473982810974121,3.2021926333982265,2.224154472351074,3.381806887531032,1.6136360168457031,2.8455637667017677,0.42778491973876953,0.06782373335833351,1.2563467025756836,0.20797273330875518,0.17621517181396484,0.08083240002936994,0.6105184555053711,0.5362431208292643,0,0.657682282377416
1,3500,0,49014000,73535002,0.6665397248510309,0.00028571428571428574,1,0.96875,0.005681818181818182,9.747481346130371,9.803252933367427,8.44202995300293,10.059853728186377,7.763891220092773,9.440275366675147,0.6051254272460938,0.06781399994603514,1.2176942825317383,0.1924265333703564,0.16077041625976562,0.10273703337588813,0.6781387329101562,0.6195783615112305,0,0.8391801890070708
1,3500,1,49014000,36767501,1.3330794497020617,0.00028571428571428574,1,0.96875,0.005681818181818182,3.8640737533569336,5.199385899929136,2.708883285522461,5.436412968992954,1.9555997848510742,4.821785766641066,0.4189109802246094,0.07494059997649553,1.2802457809448242,0.20800186660684025,0.20931720733642578,0.09465766670473386,0.7532835006713867,0.6146272023518881,0,0.4982850458515216
1,8000,0,256032000,384080002,0.6666111192115647,0.000125,1,0.96875,0.0,27.84435272216797,37.398657233279664,26.599936485290527,37.8325162664017,26.01428508758545,36.8677634333532,0.5237436294555664,0.13465579989618467,1.171126365661621,0.20822546672813283,0.13519763946533203,0.18801253330214726,0.5856513977050781,0.9647528330485026,0,0.7030972060643347
1,8000,1,256032000,192040001,1.3332222384231294,0.000125,1,0.96875,0.0,14.806370735168457,24.86822090007384,13.4559965133667,25.126221440708225,12.119264602661133,24.435475133335178,1.2299346923828125,0.1273250666902944,1.2636423110961914,0.1948474000528222,0.1935291290283203,0.11057329999554592,1.3367319107055664,0.6907463073730469,0,0.5355360154378795
32,34,0,287232,19864,14.459927507047926,0.9411764705882353,1024,0.0,0.46875,1.8446683883666992,0.479880166555328,0.5027008056640625,0.5544785712118028,0.17776012420654297,0.09817719995529235,0.1859569549560547,0.0667056666619222,1.2916755676269531,0.24982779990144385,0.18927574157714844,0.06516950003666959,0.32494068145751953,0.45630137125651044,0,0.9066189962317553
32,34,1,287232,9932,28.91985501409585,0.9411764705882353,1024,0.0,0.46875,1.992025375366211,0.5149976333389834,0.6145095825195312,0.6033259665855439,0.224609375,0.11782626667506217,0.21501541137695312,0.0683098666437824,1.3454008102416992,0.25878216668691795,0.2069997787475586,0.07007933333322096,0.38990020751953125,0.48549969991048175,1,1.0185366063345156
32,66,0,827904,49304,16.791822164530263,0.48484848484848486,1024,0.0,0.3125,1.8921422958374023,0.5578152334540695,0.5658674240112305,0.678711462993912,0.24565696716308594,0.14449490008701105,0.19274234771728516,0.0768072666687658,1.2816810607910156,0.25824743340005324,0.17206192016601562,0.07826563329823936,0.32021045684814453,0.534216562906901,0,0.8337378324436907
32,66,1,827904,24652,33.583644329060526,0.48484848484848486,1024,0.0,0.3125,1.9949674606323242,0.5977647332959652,0.6402254104614258,0.6796619218221167,0.2388286590576172,0.17411916669516359,0.2100372314453125,0.07626279996960268,1.3447237014770508,0.26092113330378197,0.20137786865234375,0.08646163332741708,0.4013967514038086,0.5055427551269531,0,0.9419762824803176
32,130,0,2695680,145048,18.584744360487562,0.24615384615384617,1024,0.0,0.1875,2.022843360900879,0.685325033434007,0.6348943710327148,0.92726999525136,0.2808189392089844,0.23907476667469987,0.2626323699951172,0.09545493327702086,1.3008880615234375,0.25503903343633283,0.17850399017333984,0.09575630004595344,0.35407543182373047,0.6881952285766602,0,0.6846920252828957
32,130,1,2695680,72524,37.169488720975124,0.24615384615384617,1024,0.0,0.1875,2.127528190612793,0.8354297666907465,0.7309150695800781,0.985714061850255,0.30175209045410156,0.35398430009081494,0.238189697265625,0.0928687333119645,1.3627386093139648,0.26467396661852644,0.22484779357910156,0.12390276666944071,0.42916297912597656,0.6317297617594401,0,0.7415082100057484
32,258,0,9576960,483992,19.78743450304964,0.12403100775193798,1024,0.0,0.10416666666666667,2.292628288269043,0.9904735001327936,0.9572410583496094,1.4513213537914755,0.5868721008300781,0.4490016999625368,0.2422952651977539,0.1337321666748418,1.2934541702270508,0.2611738667231596,0.17000675201416016,0.1465657667722553,0.37036895751953125,1.0023196538289387,0,0.6595651995671972
32,258,1,9576960,241996,39.57486900609928,0.12403100775193798,1024,0.0,0.10416666666666667,2.128162384033203,1.2707228333359428,0.8207321166992188,1.4743521235989951,0.3772926330566406,0.6534451666084351,0.23284912109375,0.12174436669738498,1.330428123474121,0.26051276666597306,0.1875925064086914,0.23502053336414974,0.4434394836425781,0.8209069569905599,0,0.5566730657909286
32,386,0,20652544,1019544,20.25664807011762,0.08290155440414508,1024,0.0,0.07211538461538461,2.5074148178100586,1.2914899666308581,1.2346839904785156,1.945239195386724,0.819087028503418,0.6721316667002005,0.2493762969970703,0.17263163329819994,1.2656497955322266,0.24811666662571952,0.17330169677734375,0.19861000000673812,0.41559696197509766,1.2731075286865234,0,0.634720909082368
32,386,1,20652544,509772,40.51329614023524,0.08290155440414508,1024,0.0,0.07211538461538461,2.2391843795776367,1.7183342336162848,0.9334278106689453,2.0092075153418896,0.44757843017578125,0.9580200000831004,0.2625846862792969,0.15579236678604502,1.3319683074951172,0.2888439667003695,0.1970529556274414,0.3156779000467698,0.48584938049316406,1.051187515258789,0,0.4645751140892542
32,514,0,35922432,1751704,20.50713590880651,0.0622568093385214,1024,0.0,0.05514705882352941,2.88480281829834,1.741891633355408,1.5662097930908203,2.6043875952988556,1.0731744766235352,1.012689266644884,0.3102445602416992,0.2130478000860118,1.289510726928711,0.25891826662700623,0.21187305450439453,0.257236299997506,0.49303531646728516,1.5916983286539714,0,0.6013735420633872
32,514,1,35922432,875852,41.01427181761302,0.0622568093385214,1024,0.0,0.05514705882352941,2.580556869506836,2.1631065665133065,1.159515380859375,2.599738694940849,0.5791950225830078,1.3010568000026979,0.33371925354003906,0.18348186664904156,1.3639354705810547,0.2632252999319462,0.3037071228027344,0.4153425999296208,0.5803203582763672,1.2986818949381511,0,0.44601227927861303
32,770,0,79045120,3805848,20.769384378987287,0.04155844155844156,1024,0.0,0.0375,4.3572998046875,2.4574631666231044,2.8253698348999023,3.7272344340938917,2.4497270584106445,1.5288243999142044,0.3854656219482422,0.2867827999580186,1.2918615341186523,0.25769323340985767,0.23024559020996094,0.38416273334102397,0.3756427764892578,2.1984100341796875,0,0.758033841138507
32,770,1,79045120,1902924,41.53876875797457,0.04155844155844156,1024,0.0,0.0375,2.9300403594970703,2.9832041001403313,1.6083431243896484,3.6385913099366007,0.9942102432250977,1.9076009000855265,0.3340291976928711,0.24270126668852754,1.3517141342163086,0.2861022333187672,0.25008678436279297,0.5467997000475103,0.6141328811645508,1.7309904098510742,0,0.44202357104449647
32,1026,0,138945024,6646424,20.90523024110409,0.031189083820662766,1024,0.0,0.028409090909090908,3.527822494506836,3.571168633182727,2.319493293762207,5.339982645091368,1.421666145324707,2.462159133331928,0.6539821624755859,0.36516509996242047,1.2552165985107422,0.26075583324806456,0.19695758819580078,0.48308856664031435,0.8978271484375,2.87782351175944,0,0.4343634517041619
32,1026,1,138945024,3323212,41.81046048220818,0.031189083820662766,1024,0.0,0.028409090909090908,3.59835147857666,4.145482799989017,2.2255325317382812,4.867854944192611,1.5238142013549805,2.6834321333202147,0.4463815689086914,0.316970966620526,1.3686656951904297,0.2614460999514752,0.2594900131225586,0.8836336000968004,0.7017183303833008,2.184422810872396,0,0.4571895747208653
32,1538,0,309076480,14686872,21.044404826296574,0.02080624187256177,1024,0.0,0.01913265306122449,8.148117065429688,4.316879699884642,6.745023727416992,7.106588253736845,6.1464643478393555,2.906892666578642,0.5974435806274414,0.46552983330911957,1.2229013442993164,0.24683329999485673,0.18130779266357422,0.6976239000020238,0.5985593795776367,4.199695587158203,0,0.9491226291139447
32,1538,1,309076480,7343436,42.08880965259315,0.02080624187256177,1024,0.0,0.01913265306122449,5.505051612854004,5.979125100202508,4.175009727478027,7.3986779339368995,3.2848167419433594,4.18529616666395,0.5373525619506836,0.4452196667746951,1.3739299774169922,0.2633517000504071,0.30895233154296875,1.0852575667134563,0.890192985534668,3.213381767272949,0,0.5642913186324451
32,2050,0,546316800,25873048,21.115285682614587,0.015609756097560976,1024,0.0,0.014423076923076924,16.746320724487305,7.893259400104094,15.423030853271484,11.755153825652087,14.488534927368164,6.098633300037666,0.699162483215332,0.6788595666876063,1.2690496444702148,0.25182090006031405,0.28957366943359375,0.863945633318508,0.9344959259033203,5.656520525614421,1,1.3120228864734513
32,2050,1,546316800,12936524,42.230571365229174,0.015609756097560976,1024,0.0,0.014423076923076924,9.781885147094727,6.021388466615462,8.012228012084961,8.13276772557098,7.539634704589844,3.8140059000094575,0.6638336181640625,0.520918566689943,1.3598155975341797,0.25861686663120054,0.21860122680664062,1.4278471332848615,0.4725933074951172,4.318761825561523,0,0.9851785127088999
32,2060,0,551618560,26122848,21.11632544812878,0.015533980582524271,1024,0.0,0.009615384615384616,10.884017944335938,8.116661533373795,9.5811128616333,11.868092299603934,8.8352632522583,6.287190199994559,0.606684684753418,0.6913821000731938,1.2294483184814453,0.2529389666354594,0.21262168884277344,0.8851502666705832,0.745849609375,5.580902099609375,0,0.8073001641513224
32,2060,1,551618560,13061424,42.23265089625756,0.015533980582524271,1024,0.0,0.009615384615384616,8.535256385803223,6.157259533089624,7.216119766235352,8.304386957873552,6.177473068237305,3.9767400665975097,0.7061910629272461,0.5270436999126105,1.3562440872192383,0.2318218333433227,0.2953481674194336,1.4216539332361815,1.0386466979980469,4.327646891276042,0,0.8689527358059354
32,2070,0,556945920,26373848,21.117355343823927,0.015458937198067632,1024,0.0,0.004807692307692308,10.36078929901123,7.9016011334412415,9.024810791015625,11.540450368556776,8.094420433044434,6.102988833420871,0.7054471969604492,0.6896320333908079,1.27166748046875,0.2545723332635437,0.28925418853759766,0.8544079333660193,0.9303903579711914,5.437461535135905,0,0.7820154762421329
32,2070,1,556945920,13186924,42.234710687647855,0.015458937198067632,1024,0.0,0.004807692307692308,14.586243629455566,6.221874766924884,13.209924697875977,7.991170367555847,12.371845245361328,4.577596466697287,0.552220344543457,0.5099030334046498,1.3546419143676758,0.23320240009828316,0.30753612518310547,0.9011728667246643,0.8380794525146484,3.413573900858561,1,1.6530650818693933
32,2080,0,562298880,26626048,21.118375509576186,0.015384615384615385,1024,0.0,0.0,7.18902587890625,6.750843533397225,5.879921913146973,9.177613711653976,5.084924697875977,5.26437010000033,0.6473064422607422,0.6022078666622596,1.245737075805664,0.2193090667181726,0.2110576629638672,0.6649565000164633,0.7949972152709961,3.913243611653646,0,0.6406809109518843
32,2080,1,562298880,13313024,42.23675101915237,0.015384615384615385,1024,0.0,0.0,14.043216705322266,8.582920433279165,12.824172973632812,10.585665244555761,12.056365013122559,6.313712933357844,0.3479146957397461,0.559866633314717,1.3146543502807617,0.2606586000183597,0.3242826461791992,1.4486822665882453,0.7678079605102539,4.271952311197917,1,1.211465947331777
32,2090,0,567677440,26879448,21.119386082630864,0.015311004784688996,1024,0.0,0.010416666666666666,17.88172721862793,8.117341966741757,15.879850387573242,11.787455138740672,14.968128204345703,6.216916300036246,0.7872915267944336,0.7023781666551562,1.8447351455688477,0.2522486667051756,0.2815723419189453,0.9457988333451794,0.9117221832275391,5.570538838704427,1,1.3471822544106655
32,2090,1,567677440,13439724,42.23877216526173,0.015311004784688996,1024,0.0,0.010416666666666666,11.705951690673828,8.361307066540272,10.580792427062988,10.54850762654193,9.634137153625488,6.130921299942808,0.40195465087890625,0.5792337332726069,1.3364410400390625,0.2587043666911389,0.3334188461303711,1.3924476666337189,0.9466552734375,4.417586326599121,1,1.0030606036099194
32,2100,0,573081600,27134048,21.120387197663984,0.015238095238095238,1024,0.0,0.005681818181818182,13.552145957946777,8.266756333250669,12.351789474487305,12.273668260362076,11.402578353881836,6.5002669999861,0.6082820892333984,0.6976919333586314,1.250467300415039,0.2506055666647929,0.2908182144165039,0.8181918332411442,0.9492111206054688,5.773401260375977,1,1.0063649442422622
32,2100,1,573081600,13567024,42.24077439532797,0.015238095238095238,1024,0.0,0.005681818181818182,13.04934024810791,8.178097466710216,11.635665893554688,10.278073282461264,10.591111183166504,5.968848200063803,0.769047737121582,0.5557248999442285,1.3917350769042969,0.260872500075493,0.29744625091552734,1.392651866626693,1.0445547103881836,4.309225082397461,1,1.132086294170528
32,2200,0,628531200,29746048,21.12990606348783,0.014545454545454545,1024,0.0,0.0036231884057971015,16.407489776611328,8.890343766567335,15.089306831359863,12.592521338592633,14.164538383483887,7.064246166676942,0.6761074066162109,0.7322746332647512,1.271829605102539,0.2541445666186822,0.2950143814086914,0.8396784000069601,0.9247684478759766,5.52827517191569,1,1.1982752639946113
32,2200,1,628531200,14873024,42.25981212697566,0.014545454545454545,1024,0.0,0.0036231884057971015,15.546817779541016,8.746150300066802,14.60092544555664,10.922187662436045,13.376998901367188,6.441261466655608,0.4490184783935547,0.6047065333405044,1.3353252410888672,0.26134886672177043,0.38547515869140625,1.4388334333489183,1.2239265441894531,4.4809261957804365,1,1.3368132737521654
32,2300,0,686540800,32478048,21.13861030071758,0.01391304347826087,1024,0.0,0.001736111111111111,12.791695594787598,9.716148166747493,11.4744234085083,13.706104400625918,10.417695045471191,7.627797566722923,0.7901668548583984,0.7838424333992103,1.2800216674804688,0.24478183331666514,0.30381202697753906,1.0597263333086933,1.0567283630371094,6.078306833902995,0,0.8371761277394252
32,2300,1,686540800,16239024,42.27722060143516,0.01391304347826087,1024,0.0,0.001736111111111111,7.549481391906738,9.67857093346538,6.371221542358398,11.962385514198104,5.598788261413574,7.2835162667615805,0.3731060028076172,0.6302570665866369,1.3306903839111328,0.25769323340985767,0.24689674377441406,1.5071043667073052,0.7724332809448242,4.678869247436523,0,0.532604599207777
32,2400,0,747110400,35330048,21.146600197090024,0.013333333333333334,1024,0.0,0.0,15.264043807983398,9.944100400146755,13.944501876831055,13.68879095716693,12.961668968200684,7.8849754333835635,0.7230281829833984,0.7846396667446243,1.2801551818847656,0.2517334000003757,0.2991914749145508,1.0227519000181928,0.9828329086303711,5.803815523783366,1,1.0186803144605145
32,2400,1,747110400,17665024,42.29320039418005,0.013333333333333334,1024,0.0,0.0,16.91183090209961,10.088138299882605,15.684618949890137,12.524034481733299,14.848389625549316,7.637947699913639,0.3784370422363281,0.6526381332757106,1.3356828689575195,0.25771266664378345,0.3493213653564453,1.5398398000494733,0.8362293243408203,4.886086781819661,1,1.252361527171348
32,2500,0,810240000,38302048,21.15396022687873,0.0128,1024,0.0,0.011075949367088608,11.660642623901367,8.239562433300307,10.07443904876709,12.73472154935007,9.237055778503418,6.026647933322238,0.8208751678466797,0.806942966664792,1.280980110168457,0.29026339992318145,0.3217315673828125,1.1157081333900958,0.8373832702636719,6.708073616027832,0,0.7911000652606535
32,2500,1,810240000,19151024,42.30792045375746,0.0128,1024,0.0,0.011075949367088608,9.322872161865234,10.119172199968792,8.052201271057129,12.629233704258997,6.764011383056641,7.468154933303595,0.7405757904052734,0.6848193999758223,1.4136791229248047,0.25875296669255476,0.4046058654785156,1.7074448999968201,1.2881898880004883,5.161078770955403,0,0.6375843111004953
32,2600,0,875929600,41394048,21.160762049655062,0.012307692307692308,1024,0.0,0.009146341463414634,14.511055946350098,9.156184166689247,13.204245567321777,13.898226676731914,12.381792068481445,7.3948672000066535,0.6611108779907227,0.7565223667673612,1.2558412551879883,0.22489946665397534,0.2123117446899414,0.7798951332612584,0.822453498840332,6.503359476725261,0,0.9500669311594994
32,2600,1,875929600,20697024,42.321524099310125,0.012307692307692308,1024,0.0,0.009146341463414634,11.163063049316406,10.4884400665469,9.89102840423584,13.234061351492226,8.554167747497559,7.855846833263058,0.7795000076293945,0.6754761332558701,1.4137077331542969,0.2604835666716099,0.41568756103515625,1.696633533356362,1.3368606567382812,5.378214518229167,0,0.7473917599090292
32,2800,0,1014988800,47938048,21.17292719136165,0.011428571428571429,1024,0.0,0.005681818181818182,17.375125885009766,12.394057299995135,16.059770584106445,15.825293932963783,15.19526481628418,10.411642466594154,0.7012271881103516,0.9152217000519158,1.257462501525879,0.21755900003578668,0.22117137908935547,0.8496341333132781,0.8645057678222656,5.413651466369629,1,1.0148165747907059
32,2800,1,1014988800,23969024,42.3458543827233,0.011428571428571429,1024,0.0,0.005681818181818182,11.868915557861328,11.848434066511498,10.49351692199707,14.707711042016552,9.080896377563477,8.922738533268179,0.9398031234741211,0.775656133312926,1.4206361770629883,0.26061966661169816,0.4275798797607422,1.8894197333186942,1.4126205444335938,5.784972508748372,0,0.7134704300362921
32,3000,0,1164288000,54962048,21.18349010575443,0.010666666666666666,1024,0.0,0.0026595744680851063,16.618027687072754,14.018598866581062,15.473222732543945,19.02342378683291,14.33938980102539,11.50068183330101,0.7636451721191406,0.9839787999226246,1.2667655944824219,0.2549515000282554,0.24822711944580078,1.278986733329172,1.1338329315185547,7.522741953531901,0,0.8133773870534156
32,3000,1,1164288000,27481024,42.36698021150886,0.010666666666666666,1024,0.0,0.0026595744680851063,12.546777725219727,12.635523700009799,11.115236282348633,15.54078453312589,10.471844673156738,9.498248433374101,0.4629993438720703,0.8088193666480947,1.356053352355957,0.259093266625617,0.25588035583496094,2.0693626333619854,0.6433916091918945,6.04253609975179,0,0.7152300618193373
32,3500,0,1582336000,74622048,21.20467130572455,0.009142857142857144,1024,0.0,0.005681818181818182,29.371471405029297,27.20615256657766,28.812155723571777,31.477266489916172,26.81619644165039,24.42475749994628,0.9171676635742188,1.1367571666293468,1.268763542175293,0.2575376666451727,0.36934375762939453,1.3871002333568565,1.9959592819213867,7.05250898996989,0,0.9153322043641188
32,3500,1,1582336000,37311024,42.4093426114491,0.009142857142857144,1024,0.0,0.005681818181818182,18.7540864944458,12.867073066687832,18.09986114501953,15.73436964887757,16.426844596862793,10.09329069990296,0.4925394058227539,0.8662303333646074,1.3535261154174805,0.22952730008303965,0.48117637634277344,1.6780247333372245,1.6730165481567383,5.641078948974609,1,1.1503391333068564
32,8000,0,8224768000,386562048,21.27670846776971,0.004,1024,0.0,0.0,74.72392082214355,279.6248037334105,72.42814064025879,292.80768543685554,69.6938419342041,273.0845005333928,3.1218481063842773,2.846797766687814,1.2938642501831055,0.2568667999488146,0.6143665313720703,3.436638633381032,2.7342987060546875,19.723184903462727,0,0.24735737565152824
32,8000,1,8224768000,193281024,42.55341693553942,0.004,1024,0.0,0.0,76.06409549713135,86.94544393341252,74.66392517089844,94.86337418735881,72.79780864715576,81.53591866672893,1.1278486251831055,1.9396748666622443,1.386551856994629,0.2293425666721305,0.7518863677978516,3.240507833349208,1.8661165237426758,13.327455520629883,0,0.7870679892055528
64,34,0,852992,36888,23.123834309260463,1.8823529411764706,4096,0.0,0.46875,1.7586708068847656,0.7951787001123497,0.5047607421875,0.7554701808354972,0.14373302459716797,0.19304870002088137,0.1360177993774414,0.13059179994646306,1.2892770767211914,0.35107720007848303,0.18964290618896484,0.1204610000665222,0.36102771759033203,0.5624214808146158,0,0.6681411854393378
64,34,1,852992,18444,46.247668618520926,1.8823529411764706,4096,0.0,0.46875,2.205209732055664,0.7976676667264353,0.6995487213134766,0.7683007469798516,0.24562358856201172,0.17234966665758597,0.23440837860107422,0.14640046671653786,1.5007734298706055,0.3529439333457655,0.22440433502197266,0.1259736000065459,0.45392513275146484,0.5959510803222656,0,0.9105141756836297
64,66,0,2196480,76568,28.686657611534844,0.9696969696969697,4096,0.0,0.3125,3.3141183853149414,0.9953345001122215,0.7332086563110352,1.0798707378853578,0.3956317901611328,0.34826743334027316,0.3764152526855469,0.14877273339758781,2.379293441772461,0.3542272666284892,0.16277790069580078,0.14406706674587136,0.33757686614990234,0.7316033045450846,0,0.6789781689490272
64,66,1,2196480,38284,57.37331522306969,0.9696969696969697,4096,0.0,0.3125,2.156972885131836,0.9445250998396658,0.7036256790161133,0.9460091070650378,0.23119449615478516,0.2677559332369128,0.19291400909423828,0.15484926661883947,1.497359275817871,0.3610719000183356,0.2355051040649414,0.160847999965578,0.4724311828613281,0.678253173828125,0,0.7437831980276478
64,130,0,6456320,192792,33.48852649487531,0.49230769230769234,4096,0.0,0.1875,2.329683303833008,1.2830603332986357,0.8050775527954102,1.5462365693868683,0.39603710174560547,0.5236115999044463,0.32732486724853516,0.1843860332883196,1.4045476913452148,0.34590486672338255,0.20177364349365234,0.2291578333824873,0.4090404510498047,1.0226249694824219,0,0.5206690675506717
64,130,1,6456320,96396,66.97705298975062,0.49230769230769234,4096,0.0,0.1875,2.257356643676758,1.4214592332185325,0.8205747604370117,1.5427941405505408,0.3098440170288086,0.6705953999092648,0.23735523223876953,0.1844637999359596,1.4867544174194336,0.36253996659070253,0.2234029769897461,0.20386006678260551,0.5107307434082031,0.872198740641276,0,0.5318757304485175
64,258,0,21267456,572696,37.13568105941023,0.24806201550387597,4096,0.0,0.10416666666666667,2.968277931213379,1.9891134000014667,1.558237075805664,2.5985706535720965,1.045527458190918,0.9642907666905861,0.2671051025390625,0.26314746670929406,1.3953590393066406,0.34558403325111914,0.2602863311767578,0.4160911333504676,0.5127096176147461,1.6342798868815105,0,0.5996516098816288
64,258,1,21267456,286348,74.27136211882046,0.24806201550387597,4096,0.0,0.10416666666666667,2.519345283508301,2.2630528332229005,1.072678565979004,2.4791071516422867,0.4754781723022461,1.1816650333154637,0.28444766998291016,0.246016566597973,1.5022039413452148,0.35677453330814995,0.2572154998779297,0.478596700001314,0.5972003936767578,1.297442118326823,0,0.4326874557513204
64,386,0,44467200,1149208,38.69377867192014,0.16580310880829016,4096,0.0,0.07211538461538461,3.4633350372314453,2.7164781332733883,2.019648551940918,3.8537187338079093,1.6637325286865234,1.5798571666285472,0.2389383316040039,0.34097559995037346,1.3488578796386719,0.34720766670943704,0.2118062973022461,0.44843769998503075,0.35591602325439453,2.273861567179362,0,0.5240778301288421
64,386,1,44467200,574604,77.38755734384029,0.16580310880829016,4096,0.0,0.07211538461538461,2.559213638305664,3.072844366518742,1.1348772048950195,3.5483063047043593,0.46563148498535156,1.7622014666509738,0.3111600875854492,0.3112638332822826,1.509261131286621,0.3587579332815949,0.2731609344482422,0.6406211333038906,0.669245719909668,1.7861048380533855,0,0.3198363127192246
64,514,0,76055552,1922328,39.56429495902884,0.1245136186770428,4096,0.0,0.05514705882352941,4.2444610595703125,3.647508466625974,2.6264524459838867,5.159207980856688,2.2261714935302734,2.181685766602944,0.3647184371948242,0.42125376664140884,1.4059019088745117,0.3352490667263434,0.24766921997070312,0.709319866655278,0.4002809524536133,2.9775222142537436,0,0.5090805518462087
64,514,1,76055552,961164,79.12858991805768,0.1245136186770428,4096,0.0,0.05514705882352941,2.718534469604492,4.125813499922515,1.3208818435668945,4.751321269335071,0.7343339920043945,2.4837618999299593,0.2743673324584961,0.38412379993436235,1.4592218399047852,0.38222790002085577,0.2506113052368164,0.8756999000373374,0.5865478515625,2.267559369405111,0,0.27800305824231225
64,770,0,164398080,4058392,40.50818156550673,0.08311688311688312,4096,0.0,0.0375,6.608099937438965,4.948808100137588,5.263981819152832,7.501296991176787,4.763631820678711,3.180238399969918,0.277557373046875,0.5731765667102687,1.3054943084716797,0.34692573341696215,0.2614164352416992,0.8484674000404387,0.5003499984741211,4.321058591206868,0,0.7017428886423853
64,770,1,164398080,2029196,81.01636313101346,0.08311688311688312,4096,0.0,0.0375,4.075336456298828,5.240442300055292,2.8400421142578125,6.63615227676928,1.917099952697754,3.337440500035882,0.3777742385864258,0.5077056666777935,1.4876651763916016,0.3536244666368778,0.2927970886230469,1.0416716667047392,0.9229421615600586,3.2987117767333984,0,0.42796518160075253
64,1026,0,286295040,6980888,41.01126389651288,0.06237816764132553,4096,0.0,0.028409090909090908,9.81152057647705,6.751853433282425,8.357429504394531,10.200718142368714,7.424426078796387,4.433023033319235,0.7189226150512695,0.7309133665936921,1.3543367385864258,0.336347700067563,0.31383514404296875,1.2515693333019347,0.9330034255981445,5.7676951090494795,0,0.8192981501647342
64,1026,1,286295040,3490444,82.02252779302576,0.06237816764132553,4096,0.0,0.028409090909090908,5.365028381347656,7.888455000041479,4.1644287109375,9.632036284650287,3.0115509033203125,5.278894499982319,0.4741859436035156,0.6272333333375476,1.5107440948486328,0.3897336333466228,0.3685474395751953,1.59259353337499,1.1528778076171875,4.353141784667969,0,0.43235185041547
64,1538,0,630752256,15185176,41.537368812847475,0.04161248374512354,4096,0.0,0.01913265306122449,16.540169715881348,10.537994166710025,15.129499435424805,16.1004940301306,14.004473686218262,7.4839432666825205,0.78399658203125,1.0536205333968003,1.3538408279418945,0.34438819990706787,0.3978586196899414,1.656042166723637,1.125025749206543,8.61655076344808,0,0.9396916272948725
64,1538,1,630752256,7592588,83.07473762569495,0.04161248374512354,4096,0.0,0.01913265306122449,7.491245269775391,11.021656199955032,6.734151840209961,13.821174855547724,5.222887992858887,7.395595466611364,0.3519439697265625,0.9041769333028545,1.4549732208251953,0.3565606665991557,0.4614400863647461,2.3653231334416582,1.5112638473510742,6.42557938893636,0,0.48723440015715586
64,2050,0,1109427200,26535192,41.809654137795576,0.03121951219512195,4096,0.0,0.014423076923076924,19.642772674560547,18.24437693345923,18.375229835510254,25.60222196055596,17.103347778320312,14.354507600000943,0.7611751556396484,1.3437186000373913,1.3233280181884766,0.33539490007873,0.4549217224121094,2.210755833342167,1.2718820571899414,11.247714360555014,0,0.7177201206918695
64,2050,1,1109427200,13267596,83.61930827559115,0.03121951219512195,4096,0.0,0.014423076923076924,6.594815254211426,15.448972000012873,5.839791297912598,19.34885046017977,4.226431846618652,10.961960366694257,0.41162967681884766,1.1440294332714984,1.449742317199707,0.35728983336108894,0.5070114135742188,2.985692366686029,1.6133594512939453,8.386890093485514,0,0.30181593009522595
64,2060,0,1120112640,26788192,41.81367073970502,0.031067961165048542,4096,0.0,0.009615384615384616,15.210752487182617,18.0994638667471,13.82300853729248,25.243386026219618,12.79543399810791,14.239248033360733,0.7795047760009766,1.4049407667092357,1.3256502151489258,0.34181170000617084,0.3101634979248047,2.113463366670961,1.0275745391845703,11.004137992858887,0,0.5475893179676806
64,2060,1,1120112640,13394096,83.62734147941003,0.031067961165048542,4096,0.0,0.009615384615384616,6.586475372314453,14.39508896667879,5.766644477844238,18.519250474855653,4.17637825012207,10.095214766746116,0.43355464935302734,1.1542380000416113,1.467909812927246,0.35625926660335,0.5086326599121094,2.7893769332877127,1.590266227722168,8.424035708109537,0,0.3113864940524374
64,2070,0,1130849280,27042392,41.817649858784684,0.030917874396135265,4096,0.0,0.004807692307692308,27.45002269744873,16.46019283313459,26.207256317138672,21.824078390515446,24.89772319793701,13.352017233288885,0.7731819152832031,1.2534554665762698,1.3242530822753906,0.28020063327858225,0.454864501953125,1.5745194999908563,1.3095331192016602,8.472061157226562,1,1.2008413756673508
64,2070,1,1130849280,13521196,83.63529971756937,0.030917874396135265,4096,0.0,0.004807692307692308,10.935492515563965,14.93313820004308,9.49124813079834,18.9914283141358,8.282842636108398,10.746715166654516,0.7194900512695312,1.1384876333371114,1.5140962600708008,0.3564440000142592,0.4190635681152344,2.6914914000371937,1.2084054946899414,8.244713147481283,0,0.4997648398953629
64,2080,0,1141637120,27297792,41.821592017405656,0.03076923076923077,4096,0.0,0.0,14.640121459960938,14.099186399835162,13.242158889770508,18.84809496368689,11.741085052490234,11.080632233279175,1.0365581512451172,1.217171333337319,1.379251480102539,0.2822714999638265,0.4832267761230469,1.5191113332548412,1.5010738372802734,7.767462730407715,0,0.7025728019347903
64,2080,1,1141637120,13648896,83.64318403481131,0.03076923076923077,4096,0.0,0.0,10.366935729980469,16.01890096656765,8.975300788879395,20.168998516358748,7.999472618103027,11.82151106671275,0.45350074768066406,1.0642957332796261,1.470780372619629,0.35776623323423945,0.44318199157714844,2.775327933341032,0.9758281707763672,8.347487449645996,0,0.4450047820470448
64,2090,0,1152476160,27554392,41.82549772827504,0.03062200956937799,4096,0.0,0.010416666666666666,15.373964309692383,14.617829733348723,13.982877731323242,22.79076033628371,12.903761863708496,11.599392233256367,0.7948493957519531,1.2534457334065034,1.3329887390136719,0.2755144333301966,0.3423643112182617,1.4894773333556561,1.079115867614746,11.191368103027344,0,0.6135327441911623
64,2090,1,1152476160,13777196,83.65099545655008,0.03062200956937799,4096,0.0,0.010416666666666666,9.04505729675293,14.298710199970326,8.341526985168457,18.628511357140574,6.461300849914551,10.148153233361276,0.4787921905517578,1.1933513666008366,1.539626121520996,0.35888433340005577,0.565338134765625,2.5983212666081577,1.8802261352539062,8.480358123779297,0,0.4477828005280213
64,2100,0,1163366400,27812192,41.829367494658456,0.030476190476190476,4096,0.0,0.005681818181818182,12.345457077026367,18.471064733239473,11.269683837890625,25.897898860421265,9.864416122436523,14.598598666634643,0.776524543762207,1.422868933392844,1.3389778137207031,0.34333813321912504,0.3655385971069336,2.1062589999928605,1.4052677154541016,11.299300193786621,0,0.43515823035024814
64,2100,1,1163366400,13906096,83.65873498931691,0.030476190476190476,4096,0.0,0.005681818181818182,12.46314525604248,15.622381000018017,11.088509559631348,19.52993477207201,10.114803314208984,11.058795500017974,0.4287242889404297,1.1713786333226988,1.483016014099121,0.35367309998643276,0.4366016387939453,3.038533766690913,0.9737062454223633,8.471139272054037,0,0.5677699228923191
64,2200,0,1275084800,30456192,41.86619259558122,0.02909090909090909,4096,0.0,0.0036231884057971015,24.30140972137451,19.67321476658981,21.327428817749023,26.783323543835042,19.925079345703125,15.676554299958903,0.9936237335205078,1.4904884666369373,2.9594039916992188,0.34053810001447954,0.42330265045166016,2.1656338999794875,1.4023494720458984,11.106769243876139,0,0.7962950820066597
64,2200,1,1275084800,15228096,83.73238519116244,0.02909090909090909,4096,0.0,0.0036231884057971015,10.877213478088379,16.494327833424904,9.706907272338867,20.61681458641639,8.550863265991211,11.939570400015024,0.4555702209472656,1.157951933419099,1.4626407623291016,0.36044963332339347,0.4081392288208008,3.0363558666673875,1.1560440063476562,8.677244186401367,0,0.4708247838991756
64,2300,0,1391923200,33220192,41.8999143653354,0.02782608695652174,4096,0.0,0.001736111111111111,27.657432556152344,17.11581509989628,25.668482780456543,25.52089363889536,24.56043243408203,13.268491333292332,0.948944091796875,1.3719233000301756,1.843247413635254,0.284089599881554,0.3048086166381836,2.19131086669222,1.1080503463745117,12.252402305603027,1,1.0057830710652016
64,2300,1,1391923200,16610096,83.7998287306708,0.02782608695652174,4096,0.0,0.001736111111111111,10.090460777282715,17.77540463335754,9.132499694824219,22.269614782514203,7.358698844909668,13.078602400006881,0.6693363189697266,1.2875617332611,1.5064668655395508,0.35681343336667243,0.5559587478637695,3.0524270667228848,1.7738008499145508,9.191012382507324,0,0.41008790605551615
64,2400,0,1513881600,36104192,41.93090929718078,0.02666666666666667,4096,0.0,0.0,24.99441623687744,23.286188533529636,22.612934112548828,29.694422155929107,21.3862943649292,18.019612700057525,1.0190582275390625,1.5961129667023972,2.274489402770996,1.242041266717327,0.3145742416381836,2.4284216000523884,1.226639747619629,11.674809455871582,0,0.7615212713621937
64,2400,1,1513881600,18052096,83.86181859436157,0.02666666666666667,4096,0.0,0.0,18.197274208068848,22.316287866487983,16.226630210876465,23.293602819467196,15.190162658691406,13.737841800078362,0.8964443206787109,1.3197818665503291,1.5410757064819336,1.2557498999134016,0.5695915222167969,6.00291429994589,1.0364675521850586,9.555761019388834,0,0.6966131575539427
64,2500,0,1640960000,39108192,41.95949534051587,0.0256,4096,0.0,0.011075949367088608,29.227185249328613,20.434286599993353,26.981229782104492,29.15346834536952,25.817785263061523,15.731845433280492,1.1623287200927734,1.4806492999923648,1.8683671951293945,0.2855187999860694,0.3787040710449219,2.9362730667344294,1.1634445190429688,13.42162291208903,0,0.9254895322391359
64,2500,1,1640960000,19554096,83.91899068103174,0.0256,4096,0.0,0.011075949367088608,17.74071216583252,21.395193833571582,17.439427375793457,26.36503512355072,15.326085090637207,16.37068723333262,0.48413753509521484,1.3857486000536785,1.4806270599365234,0.35602590008541785,0.4498624801635742,3.2827321000998686,2.11334228515625,9.9943478902181,0,0.6614604264348425
64,2600,0,1773158400,42232192,41.985942856103705,0.024615384615384615,4096,0.0,0.009146341463414634,27.49373435974121,21.262919966708672,26.14847183227539,30.084031753115898,24.930882453918457,17.102640800051933,0.873870849609375,1.6165300666519518,1.3555002212524414,0.3235918333909164,0.3334808349609375,2.2201572666138722,1.2175893783569336,12.981390953063965,0,0.869181100686982
64,2600,1,1773158400,21116096,83.97188571220741,0.024615384615384615,4096,0.0,0.009146341463414634,13.035955429077148,19.95766333335875,11.713600158691406,27.142006081339787,10.857501029968262,15.02559773325629,0.4458951950073242,1.3833082333197428,1.436605453491211,0.35670646672466927,0.29595375061035156,3.1920509000580446,0.8560991287231445,12.116408348083496,0,0.431567221803275
64,2800,0,2052915200,48840192,42.033315511945574,0.022857142857142857,4096,0.0,0.005681818181818182,24.42399501800537,27.652689733319374,23.42435359954834,34.03841885289391,21.625404357910156,23.36339386662682,0.9331035614013672,1.936038499964828,1.3530445098876953,0.28181453332460177,0.5124425888061523,2.0714428334031254,1.7989492416381836,10.67502498626709,0,0.6881739630969029
64,2800,1,2052915200,24420096,84.06663102389115,0.022857142857142857,4096,0.0,0.005681818181818182,15.332403182983398,24.11284780003674,15.006914138793945,30.084509209458098,12.668590545654297,18.829666133387946,0.5667448043823242,1.556513466736457,1.4691448211669922,0.3598468333317821,0.6279230117797852,3.3668213665805524,2.3383235931396484,11.25484307607015,0,0.49882529358584343
64,3000,0,2353152000,55928192,42.074522988334756,0.021333333333333333,4096,0.0,0.0026595744680851063,26.546077728271484,25.9822485667731,24.45009708404541,36.87909263292871,23.071494102478027,21.915577033360023,1.1495637893676758,1.7186933999861747,1.9682550430297852,0.28272846672431723,0.3567647933959961,2.0652496667025844,1.3786029815673828,14.963515599568685,0,0.662979898323592
64,3000,1,2353152000,27964096,84.14904597666951,0.021333333333333333,4096,0.0,0.0026595744680851063,20.44025421142578,26.704508833427095,20.17012596130371,32.86643361837681,17.716398239135742,21.066088833322283,0.5500268936157227,1.6512196999732016,1.5118980407714844,0.35387723340439453,0.661931037902832,3.6333230667272196,2.4537277221679688,11.800344785054525,0,0.6136998676371709
64,3500,0,3193344000,75748192,42.157362647018694,0.018285714285714287,4096,0.0,0.005681818181818182,36.179938316345215,38.42782226662773,31.320033073425293,50.807721587504304,29.732232093811035,32.15104656665062,1.3053655624389648,2.1241092666362724,4.616255760192871,0.34403813333483413,0.5260848999023438,3.808628300005997,1.5878009796142578,18.65667502085368,0,0.6164423850316517
64,3500,1,3193344000,37874096,84.31472529403739,0.018285714285714287,4096,0.0,0.005681818181818182,14.192461967468262,36.8409163334339,14.192099571228027,44.67427059814024,11.383991241455078,29.81309220000791,0.6269598007202148,1.9173325000641246,1.4444255828857422,0.3547814333918116,0.7370853424072266,4.7557101999700535,2.808108329772949,14.861178398132324,0,0.317679491600224
64,8000,0,16515072000,389128192,42.44121176396286,0.008,4096,0.0,0.0,145.50618171691895,497.32732053331955,143.607497215271,519.1866154406549,139.0162754058838,477.41513996661524,3.853278160095215,6.6092244000174105,1.4104890823364258,0.3490354333431848,1.2261390686035156,12.953920733343693,4.591221809387207,41.77147547403971,0,0.27660092333733494
64,8000,1,16515072000,194564096,84.88242352792572,0.008,4096,0.0,0.0,74.51171875,165.29987930007334,73.17628860473633,185.2066441945984,70.88601589202881,147.09921723333537,1.5774106979370117,4.510218466627218,1.5048885345458984,0.3624621333680504,0.5434036254882812,13.327981466742736,2.2902727127075195,38.10742696126302,0,0.3951061740951869
128,34,0,2820096,83224,33.88560992021532,3.764705882352941,16384,0.0,0.46875,2.092456817626953,1.8203024666339238,0.6308698654174805,1.2092416024340007,0.1840972900390625,0.37158176661857095,0.19385337829589844,0.3740026333010367,1.4960336685180664,0.7911048667059125,0.21847248077392578,0.2836132000084035,0.44677257537841797,0.8376598358154297,0,0.5217070469190318
128,34,1,2820096,41612,67.77121984043065,3.764705882352941,16384,0.0,0.46875,2.4692535400390625,1.6675435334036592,0.8429861068725586,1.1098254143386537,0.25146961212158203,0.2817658999750468,0.2532958984375,0.29242169997208595,1.7002534866333008,0.8287695666998237,0.2642345428466797,0.2645863667567028,0.5915164947509766,0.8280595143636068,0,0.7595664110601531
128,66,0,6555648,143384,45.72091725715561,1.9393939393939394,16384,0.0,0.3125,2.408266067504883,2.1602182666053222,0.7799863815307617,1.787186274426252,0.3226613998413086,0.6299263333251778,0.2704286575317383,0.3822959000293243,1.6028404235839844,0.8005453666555695,0.21233558654785156,0.34745066659525037,0.4573249816894531,1.1572599411010742,0,0.43643261628179414
128,66,1,6555648,71692,91.44183451431122,1.9393939393939394,16384,0.0,0.3125,2.485485076904297,1.8852288668616286,0.8543682098388672,1.4203524436500932,0.2538108825683594,0.4386957333432899,0.24957656860351562,0.3222792999925635,1.7051124572753906,0.8229555667639943,0.27698516845703125,0.301298266761781,0.6005573272705078,0.9816567103068033,0,0.6015184566749283
128,130,0,17172480,300568,57.133427377498606,0.9846153846153847,16384,0.0,0.1875,2.811765670776367,2.719968033246308,1.1565494537353516,2.8757155250787036,0.5771493911743164,1.055214833346933,0.3375053405761719,0.4876870999093323,1.6049718856811523,0.795450800069375,0.29213905334472656,0.3816152999206679,0.5794000625610352,1.8205006917317708,0,0.4021779774978607
128,130,1,17172480,150284,114.26685475499721,0.9846153846153847,16384,0.0,0.1875,2.6454591751098633,2.9389561665690658,1.008315086364746,2.823503406276965,0.38108348846435547,1.334666799933378,0.3031492233276367,0.3824222665571142,1.7115116119384766,0.8363044666718148,0.24971485137939453,0.38556263340675895,0.6272315979003906,1.4888366063435872,0,0.35711488221446747
128,258,0,50989056,762392,66.88036600593921,0.49612403100775193,16384,0.0,0.10416666666666667,4.171767234802246,3.846681666739945,2.629218101501465,4.863162986293901,1.8344640731811523,1.6106964666202355,0.35024166107177734,0.6422446667177913,1.5651512145996094,0.7926604333382178,0.42191028594970703,0.8010801000637002,0.7947540283203125,3.2524665196736655,0,0.5406395197758175
128,258,1,50989056,381196,133.76073201187842,0.49612403100775193,16384,0.0,0.10416666666666667,3.5600757598876953,4.865359533384131,1.5114164352416992,4.986920445056361,0.7460117340087891,2.5353973000164842,0.5147647857666016,0.4986831667338265,1.9800138473510742,0.838657299997673,0.31928539276123047,0.9926217666361481,0.7654047012329102,2.4515231450398765,0,0.30307610716750016
128,386,0,101582848,1420824,71.4957292388079,0.3316062176165803,16384,0.0,0.07211538461538461,5.362081527709961,4.994376299873692,3.628544807434082,7.118358564548544,3.102879524230957,2.433195066623739,0.42780399322509766,0.8099080666094475,1.5293455123901367,0.7864769999287091,0.30205249786376953,0.9647961667117974,0.525665283203125,4.685163497924805,0,0.5097445955455616
128,386,1,101582848,710412,142.9914584776158,0.3316062176165803,16384,0.0,0.07211538461538461,3.3181142807006836,6.498582900045828,1.724557876586914,7.143044167848226,0.8361148834228516,3.666758233399984,0.4210042953491211,0.6394543333347732,1.708974838256836,0.828983466635691,0.352020263671875,1.3633868666753794,0.8884429931640625,3.476285934448242,0,0.24143178119342648
128,514,0,168953856,2275864,74.23723737446525,0.2490272373540856,16384,0.0,0.05514705882352941,5.479297637939453,6.923074166722169,3.9593076705932617,10.212955065920443,3.3071470260620117,4.071785199994338,0.2976226806640625,0.9129366999938308,1.4486217498779297,0.7815282666949012,0.4259061813354492,1.156824000039099,0.65216064453125,6.1411698659261065,0,0.387675030883574
128,514,1,168953856,1137932,148.4744747489305,0.2490272373540856,16384,0.0,0.05514705882352941,4.49894905090332,8.683700266677382,2.9374027252197266,9.80726072145141,1.8208932876586914,5.283657600011793,0.4803609848022461,0.7773767999121143,1.7270708084106445,0.8342238333473991,0.4706239700317383,1.7884420334060753,1.1165094375610352,4.523603121439616,0,0.2995130657426848
128,770,0,354027520,4575768,77.37007645492517,0.16623376623376623,16384,0.0,0.0375,9.035353660583496,8.39503143336818,7.51734733581543,14.107548634395545,6.6860151290893555,4.945384899959511,0.3575611114501953,1.262419366685208,1.4883804321289062,0.7833657999678204,0.5033969879150391,1.4038613667556394,0.8313322067260742,9.162163734436035,0,0.5328599270242756
128,770,1,354027520,2287884,154.74015290985034,0.16623376623376623,16384,0.0,0.0375,6.208891868591309,10.760645866685081,4.639945030212402,13.37072147083139,3.331112861633301,6.703949899989918,0.6170034408569336,1.000205266609555,1.7304611206054688,0.853795133419529,0.5303144454956055,2.2026955666660797,1.3088321685791016,6.666771570841472,0,0.34702278709002915
128,1026,0,606210048,7662104,79.11796133281406,0.12475633528265107,16384,0.0,0.028409090909090908,14.139680862426758,13.223367899748458,12.604727745056152,20.405015444703167,11.453695297241211,8.3586306333018,0.6092977523803711,1.5560369332282182,1.4980077743530273,0.7765114666350806,0.5786800384521484,2.532188866583359,1.1510324478149414,12.046384811401367,0,0.6177269396935521
128,1026,1,606210048,3831052,158.23592266562812,0.12475633528265107,16384,0.0,0.028409090909090908,4.950037002563477,15.665497866818137,3.7124013900756836,19.242763691727305,2.4366044998168945,10.50633606670696,0.4107666015625,1.28733796676291,1.629786491394043,0.8351377666258486,0.47287940979003906,3.0366860667224196,1.275796890258789,8.736427625020346,0,0.19292454293723357
128,1538,0,1311901696,16194072,81.01123028229095,0.08322496749024708,16384,0.0,0.01913265306122449,19.782896041870117,21.207558233193897,18.533177375793457,31.948158670032473,16.81993007659912,13.678397266630782,0.6599092483520508,2.241954733229553,1.495504379272461,1.6630614666307035,0.8075523376464844,3.62414476670286,1.713247299194336,18.26976140340169,0,0.5801015816657273
128,1538,1,1311901696,8097036,162.0224605645819,0.08322496749024708,16384,0.0,0.01913265306122449,13.468575477600098,25.35158103322222,11.930127143859863,30.530026975126624,10.680713653564453,17.827077133309405,0.5308055877685547,1.8548364999636153,1.6433525085449219,0.8841874332574662,0.613703727722168,4.785479966691734,1.2494134902954102,12.70294984181722,0,0.39076700304194156
128,2050,0,2286028800,27871768,82.0195116434666,0.0624390243902439,16384,0.0,0.014423076923076924,24.064440727233887,29.176591266635416,22.635703086853027,40.64308090297951,21.11621379852295,22.955156200017274,0.8293676376342773,2.980752866642433,1.464848518371582,0.4997915333660785,0.6540107727050781,2.74089066660963,1.5194892883300781,17.68792470296224,0,0.5569386617340227
128,2050,1,2286028800,13935884,164.0390232869332,0.0624390243902439,16384,0.0,0.014423076923076924,19.894795417785645,36.237101566560646,18.422279357910156,43.59413042208568,16.850247383117676,26.865840500007227,0.6443881988525391,2.335076233309034,1.6486167907714844,0.8406211999196481,0.7515430450439453,6.195563633324734,1.5720319747924805,16.72828992207845,0,0.4225862330442782
128,2060,0,2307727360,28131168,82.03453763455538,0.062135922330097085,16384,0.0,0.009615384615384616,23.787264823913574,27.722921733220574,22.3305082321167,43.983431493446304,20.816802978515625,20.658600166643737,0.8392143249511719,2.6355869666682943,1.4545106887817383,0.7686362999569004,0.6767368316650391,3.660098299951642,1.5137052536010742,23.32483132680257,0,0.5077027297300355
128,2060,1,2307727360,14065584,164.06907526911075,0.062135922330097085,16384,0.0,0.009615384615384616,22.725539207458496,37.23429263324457,21.4129638671875,44.11503982883005,19.716591835021973,27.31214873335072,0.6312322616577148,2.3337247666252856,1.6425657272338867,0.8341363332874607,0.7351493835449219,6.754282799981108,1.6963720321655273,16.80289109547933,0,0.48538919947191583
128,2070,0,2329528320,28391768,82.04942784824108,0.06183574879227053,16384,0.0,0.004807692307692308,30.333914756774902,26.58250906642934,28.91343116760254,41.8214872371512,27.36438274383545,19.020350266631187,0.8318853378295898,2.6813212665729225,1.4555025100708008,0.7872936332811756,0.6821441650390625,4.093543899944052,1.5490484237670898,22.80113697052002,0,0.6913534902201642
128,2070,1,2329528320,14195884,164.09885569648216,0.06183574879227053,16384,0.0,0.004807692307692308,11.799988746643066,34.448999433395024,9.67470645904541,42.01006482665738,7.626032829284668,25.411752766619127,1.3863515853881836,2.3460819667282826,1.6966867446899414,0.8322015666635707,1.0909175872802734,5.858963133384047,2.048673629760742,16.59831206003825,0,0.23029496619358583
128,2080,0,2351431680,28653568,82.06418411836181,0.06153846153846154,16384,0.0,0.0,22.95273780822754,29.953053566714516,21.172456741333008,43.393821319356604,19.70872402191162,21.707553466573398,1.0795402526855469,2.8696253666566918,1.508474349975586,0.7804879334192568,0.6559991836547852,4.595386800065171,1.4637327194213867,21.686267852783203,0,0.48791408771111494
128,2080,1,2351431680,14326784,164.12836823672362,0.06153846153846154,16384,0.0,0.0,14.348311424255371,36.60877990005247,12.678642272949219,46.292308430565754,10.797843933105469,27.05367749998307,0.7683801651000977,2.445454966679487,1.7249011993408203,0.8330474000104005,1.0571861267089844,6.276600033379509,1.88079833984375,19.238630930582683,0,0.27388226473877464
128,2090,0,2373437440,28916568,82.07880824584716,0.06124401913875598,16384,0.0,0.010416666666666666,23.568553924560547,28.282991866702407,21.510400772094727,44.39221733082377,20.004677772521973,20.852173499952187,0.8464574813842773,2.5573310333129484,1.5020179748535156,0.7801768333592918,1.2154006958007812,4.093310500077981,1.505722999572754,23.540043830871582,0,0.4845534209700078
128,2090,1,2373437440,14458284,164.1576164916943,0.06124401913875598,16384,0.0,0.010416666666666666,23.56372356414795,34.066051733195,22.010960578918457,42.63450197152754,19.28654670715332,25.37747116657556,1.425161361694336,2.3330149999916707,1.7375612258911133,0.8405044999866126,1.1144542694091797,5.515061066641162,2.7244138717651367,17.257030804951984,0,0.5162710847101712
128,2100,0,2395545600,29180768,82.09330199945389,0.06095238095238095,16384,0.0,0.005681818181818182,26.810903549194336,31.780987700039987,24.205598831176758,48.082375565233335,22.32110023498535,24.19763409998268,1.055445671081543,3.18686840000737,2.733159065246582,0.7657000999946225,0.7011985778808594,3.630785100055315,1.8844985961914062,23.884741465250652,0,0.5034193620141966
128,2100,1,2395545600,14590384,164.18660399890777,0.06095238095238095,16384,0.0,0.005681818181818182,14.645442962646484,35.84193209996253,13.373594284057617,43.73808649615967,11.099905967712402,26.97043366667155,1.0544776916503906,2.387217533396324,1.732935905456543,0.8364405666119031,0.7581233978271484,5.647840333282754,2.273688316345215,16.767652829488117,0,0.30576541763508236
128,2200,0,2622259200,31888768,82.23143647318078,0.05818181818181818,16384,0.0,0.0036231884057971015,27.738494873046875,34.20818366660872,25.25914192199707,49.379475182407376,23.603363037109375,26.01688629996109,0.8505678176879883,3.1949282667483203,2.316436767578125,0.7843768999009626,0.9681272506713867,4.211992199998349,1.6557788848876953,23.36258888244629,0,0.5115311944626793
128,2200,1,2622259200,15944384,164.46287294636156,0.05818181818181818,16384,0.0,0.0036231884057971015,18.15770149230957,38.29136326664108,16.535511016845703,47.23985428584759,14.838113784790039,29.58072259995485,0.6570911407470703,2.4102597000213186,1.6839933395385742,0.8348460333460631,0.9785032272338867,5.46553493331885,1.697397232055664,17.659131685892742,0,0.3500330656565872
128,2300,0,2859212800,34716768,82.35826560813496,0.05565217391304348,16384,0.0,0.001736111111111111,27.2176456451416,31.161814066702693,25.80440044403076,48.907503688678844,24.252090454101562,22.876247966632945,0.8737421035766602,2.889361833270717,1.439652442932129,0.777036466752179,0.65216064453125,4.619167800046853,1.5523099899291992,26.0312557220459,0,0.5276163880350325
128,2300,1,2859212800,17358384,164.7165312162699,0.05565217391304348,16384,0.0,0.001736111111111111,14.851975440979004,34.24684956674658,13.317580223083496,43.49865773074271,12.279982566833496,24.992083100005402,0.5504083633422852,2.6168517334250887,1.5892505645751953,0.8284681333558789,0.43233394622802734,5.809446599960211,1.03759765625,18.506574630737305,0,0.30616071662531524
128,2400,0,3106406400,37664768,82.47512370181067,0.05333333333333334,16384,0.0,0.0,36.199636459350586,38.26932219999435,33.24626922607422,55.46322526897711,30.68993091583252,30.49929799999518,1.1874580383300781,2.9156610333302524,3.2974910736083984,0.5203350000859549,1.0247564315795898,4.334028166582963,2.556338310241699,24.963927268981934,0,0.5994290643005616
128,2400,1,3106406400,18832384,164.95024740362135,0.05333333333333334,16384,0.0,0.0,16.79447650909424,41.80329106651091,15.175747871398926,49.54409885734397,13.31089973449707,30.53414313326357,0.8804035186767578,2.688262966573044,1.7133855819702148,2.218786066684212,0.8897876739501953,6.362098899990087,1.8648481369018555,19.009955724080402,0,0.3063078796749456
128,2500,0,3363840000,40732768,82.58314288879164,0.0512,16384,0.0,0.011075949367088608,39.525184631347656,39.58536046666268,37.455201148986816,60.9337034891117,35.338897705078125,32.287496633337774,1.9017505645751953,3.113045899954159,1.5018510818481445,0.5312629999631705,0.7826852798461914,3.6535549334075768,2.1163034439086914,28.646206855773926,0,0.6146877508549882
128,2500,1,3363840000,20366384,165.16628577758328,0.0512,16384,0.0,0.011075949367088608,19.39887523651123,42.562749133261,17.84836769104004,51.692141477785,16.27248764038086,31.39695066662777,0.6605005264282227,2.817192200018326,1.6606712341308594,0.8281278666496897,0.8052158355712891,7.520478399965214,1.5758800506591797,20.295190811157227,0,0.34528203283492287
128,2600,0,3631513600,43920768,82.68329005540159,0.04923076923076923,16384,0.0,0.009146341463414634,34.688382148742676,38.33446203328397,34.58068370819092,53.24278109134563,31.54667377471924,31.439155666642666,0.933232307434082,3.124625299945668,1.4463043212890625,0.5042929666766819,0.762171745300293,3.2663881000189576,3.0340099334716797,21.80362542470296,0,0.6494905600228281
128,2600,1,3631513600,21960384,165.36658011080317,0.04923076923076923,16384,0.0,0.009146341463414634,15.026869773864746,41.93048919999759,13.367624282836914,52.799968700613434,11.664199829101562,31.64692399999088,0.7633638381958008,2.863626533386802,1.7138910293579102,0.8183762332919287,0.8854150772094727,6.601562433327975,1.7034244537353516,21.15304470062256,0,0.253174852406335
128,2800,0,4197580800,50656768,82.86317832199639,0.045714285714285714,16384,0.0,0.005681818181818182,59.73928451538086,44.283395999930995,57.3736047744751,64.42599286286472,54.821929931640625,34.68182076661227,1.876368522644043,3.5473762000037823,2.1878671646118164,0.8272431000174644,0.853118896484375,5.2269559332974795,2.5516748428344727,29.74417209625244,0,0.8905350499851648
128,2800,1,4197580800,25328384,165.72635664399277,0.045714285714285714,16384,0.0,0.005681818181818182,24.438905715942383,50.376455433191346,23.92530918121338,62.22424472859227,20.596776008605957,39.52459459990981,0.7977056503295898,3.0047864999990757,1.7386388778686523,0.8285459000035189,1.3057851791381836,7.018528433278941,3.328533172607422,22.699650128682453,0,0.38450139950384343
128,3000,0,4804608000,57872768,83.02018662732704,0.042666666666666665,16384,0.0,0.0026595744680851063,59.363670349121094,58.26999296671905,57.652201652526855,79.77356222181697,54.46489334106445,47.76453283338924,2.2009706497192383,3.8440076333548254,1.560831069946289,0.7794767333204314,1.1369752883911133,5.881975766654553,3.1873083114624023,32.009029388427734,0,0.7226980975504159
128,3000,1,4804608000,28936384,166.04037325465407,0.042666666666666665,16384,0.0,0.0026595744680851063,21.749510765075684,35.621367333321054,19.921250343322754,47.805346481254674,18.448381423950195,24.0193818333258,0.678558349609375,3.078414500002206,1.6175508499145508,0.542006300020148,1.0050201416015625,7.981564699972902,1.4728689193725586,23.785964647928875,0,0.41671594935797046
128,3500,0,6501376000,78012768,83.33733267867126,0.036571428571428574,16384,0.0,0.005681818181818182,56.720991134643555,87.53923609983758,56.75309658050537,115.21388698723361,53.097777366638184,75.22212673332736,1.1985349655151367,4.494000966587919,1.4600896835327148,0.7739641332591418,0.9645891189575195,7.049144266663158,3.6553192138671875,39.99176025390625,0,0.4925890278035143
128,3500,1,6501376000,39006384,166.67466535734252,0.036571428571428574,16384,0.0,0.005681818181818182,31.524300575256348,68.15701793335998,28.07394027709961,81.4461281193265,26.61050319671631,53.13309533327507,1.605691909790039,3.8042136333388044,1.7360687255859375,2.2175609334226465,1.5720367431640625,9.002148033323465,1.4634370803833008,28.313032786051433,0,0.34469336879917184
128,8000,0,33292288000,394272768,84.43973487917887,0.016,16384,0.0,0.0,285.2876853942871,1016.5522530999928,283.1663656234741,1063.2727828504965,278.0084228515625,970.1675302666748,2.6928329467773438,19.468494100025662,1.575789451599121,0.7906380667312382,3.0106401443481445,26.12559066656104,5.157942771911621,93.10525258382161,0,0.26631582242173246
128,8000,1,33292288000,197136384,168.87946975835774,0.016,16384,0.0,0.0,139.95176792144775,318.1588995999239,136.266450881958,348.7619103885663,130.81271648406982,280.4261229333254,4.7689056396484375,8.589449733335641,1.7417001724243164,0.8302569999311041,2.628445625305176,28.313069933331764,5.453734397888184,68.33578745524089,0,0.3907148310150595
256,34,0,10096640,225048,44.86438448686503,7.529411764705882,65536,0.0,0.46875,2.983279228210449,5.23075706672292,1.0591793060302734,2.1269661097903736,0.25726318359375,0.6411653666873462,0.44616222381591797,1.2843724334137125,1.9385290145874023,2.4843346999356677,0.3413248062133789,0.8208845666861938,0.8019161224365234,1.4858007431030273,0,0.49797657854297567
256,34,1,10096640,112524,89.72876897373006,7.529411764705882,65536,0.0,0.46875,3.1496524810791016,5.56831020003301,1.2214899063110352,1.812263930454113,0.28110504150390625,0.4613683666927197,0.3976297378540039,1.7343169667583425,2.1205759048461914,2.652980033235508,0.350341796875,0.7196448333464408,0.9403848648071289,1.3508955637613933,0,0.6740132525867559
256,66,0,21762048,326168,66.72036496529395,3.878787878787879,65536,0.0,0.3125,3.306155204772949,6.049249933251606,1.3640785217285156,3.2479356873712577,0.4065704345703125,1.1415790665826837,0.5129480361938477,1.5972889999829931,1.9665956497192383,2.47624563332162,0.4200410842895508,0.8341362333643095,0.9575080871582031,2.106356620788574,0,0.4199832302814294
256,66,1,21762048,163084,133.4407299305879,3.878787878787879,65536,0.0,0.3125,3.1823253631591797,6.085592333571791,1.248488426208496,2.6225851989390017,0.3434610366821289,0.7960048334401412,0.3678560256958008,1.8308899000354966,2.111783027648926,2.686512700044356,0.3592252731323242,0.7721849000517977,0.9050273895263672,1.8265803654988606,0,0.4760525708425362
256,130,0,51384320,565272,90.90193747434863,1.9692307692307693,65536,0.0,0.1875,4.048757553100586,7.59578776669514,1.6383790969848633,5.8015322336965855,0.8852100372314453,2.318411633314099,0.6475496292114258,1.5121009999954065,1.9249391555786133,2.476352600084889,0.5910587310791016,1.2889225333007441,0.753169059753418,3.483120600382487,0,0.2824045495203481
256,130,1,51384320,282636,181.80387494869726,1.9692307692307693,65536,0.0,0.1875,3.2875967025756836,8.495676800157526,1.4207744598388672,6.531662487153275,0.40740489959716797,2.873932066722773,0.4010200500488281,1.9334518667164957,2.1189498901367188,2.7022047333351416,0.36022186279296875,0.9860881333831154,1.0133695602416992,3.6577304204305015,0,0.217521107778196
256,258,0,135794688,1190936,114.02349748433166,0.9922480620155039,65536,0.0,0.10416666666666667,6.999974250793457,10.342764233549437,5.164785385131836,10.432863835376338,3.1791305541992188,3.918743733447627,0.8718347549438477,1.8242689001150818,1.952524185180664,2.4945432333576414,0.9964847564697266,2.1052083666290855,1.9856548309326172,6.514120101928711,0,0.4950496303439515
256,258,1,135794688,595468,228.0469949686633,0.9922480620155039,65536,0.0,0.10416666666666667,4.291543960571289,12.66484126681462,2.4779653549194336,10.505427526610827,1.1999177932739258,5.537237333434557,0.46567440032958984,2.097352666775502,2.0698118209838867,2.760024033341324,0.5561399459838867,2.270227233263237,1.2780475616455078,4.9681901931762695,0,0.2358747750762747
256,386,0,253759488,2013208,126.04732744952335,0.6632124352331606,65536,0.0,0.07211538461538461,10.05836009979248,12.09718726677238,8.235516548156738,14.794860707115731,5.686254501342773,5.421394533307951,1.3919687271118164,2.165681933426337,1.9359922409057617,2.4724830665945774,1.044144630432129,2.0376277334435144,2.549262046813965,9.37346617380778,0,0.5566471162648924
256,386,1,253759488,1006604,252.0946548990467,0.6632124352331606,65536,0.0,0.07211538461538461,5.442743301391602,16.313408266917882,3.5732412338256836,15.259118270114413,2.089362144470215,8.194203566745273,0.5457353591918945,2.4107844667014433,2.1463918685913086,2.6482646667621643,0.6612539291381836,3.0601555667089997,1.4838790893554688,7.064914703369141,0,0.23417088527480764
256,514,0,405278720,3032088,133.6632446023994,0.4980544747081712,65536,0.0,0.05514705882352941,13.537278175354004,16.711201633370365,11.475577354431152,19.87363861420211,9.152383804321289,7.7077902000989225,1.6419792175292969,2.7490473999932874,1.8265438079833984,2.4590660666338713,0.9163713455200195,3.7952979666442843,2.3231935501098633,12.16584841410319,0,0.5774270920993033
256,514,1,405278720,1516044,267.3264892047988,0.4980544747081712,65536,0.0,0.05514705882352941,5.21693229675293,20.824394066585228,3.4123897552490234,24.77531846743659,1.5955877304077148,11.450684233326077,0.6240653991699219,2.6597760332757994,2.1378564834594727,2.660378799919272,0.8594226837158203,4.05355500006408,1.8168020248413086,13.324634234110514,0,0.13773343659473414
256,770,0,808980480,5659672,142.9376967428501,0.33246753246753247,65536,0.0,0.0375,12.18132495880127,27.28899600006116,10.640687942504883,33.67656868758786,8.958268165588379,15.64980350000648,0.4720449447631836,3.213021400006255,1.6866493225097656,4.59647513331826,1.0643625259399414,3.8296959667301658,1.682419776916504,18.02676518758138,0,0.3159671058300756
256,770,1,808980480,2829836,285.8753934857002,0.33246753246753247,65536,0.0,0.0375,10.536413192749023,28.874511133593238,9.05116081237793,34.14090346644419,6.851530075073242,17.536607100070494,0.4729795455932617,3.2251647334002578,2.133316993713379,2.6517453000754663,1.0785865783691406,5.460994000047019,2.1996307373046875,16.6042963663737,0,0.2651119300716214
256,1026,0,1346899968,9073688,148.44018970015279,0.24951267056530213,65536,0.0,0.028409090909090908,33.763418197631836,32.93792453344698,30.352253913879395,41.93876883776587,27.81954288482666,18.274588400042074,1.1024713516235352,3.8925028666805397,2.089104652404785,4.524597166649376,2.7522993087768555,6.246236100074991,2.5327110290527344,23.664180437723797,0,0.723727824040156
256,1026,1,1346899968,4536844,296.88037940030557,0.24951267056530213,65536,0.0,0.028409090909090908,15.739731788635254,39.232957433462914,14.624795913696289,41.65930306286706,11.6375732421875,24.50205043326908,0.5541801452636719,3.69990143335599,1.9548273086547852,3.634440266735813,1.5931510925292969,7.3965653001020355,2.987222671508789,17.15725262959798,0,0.35105714302580526
256,1538,0,2825392128,18261016,154.7226139005628,0.16644993498049415,65536,0.0,0.01913265306122449,42.9086971282959,33.25980500000393,40.15233039855957,47.50315668898111,37.903785705566406,21.431345966630033,0.7988739013671875,4.40190976660233,2.771902084350586,1.5427752667164896,1.4341354370117188,5.883774000055079,2.248544692993164,26.071810722351074,0,0.8452560460655314
256,1538,1,2825392128,9130508,309.4452278011256,0.16644993498049415,65536,0.0,0.01913265306122449,12.382392883300781,53.91984110004462,10.906314849853516,58.27334983453814,8.963785171508789,33.01693860000038,0.4757070541381836,4.86760463330332,1.840834617614746,5.217670600056105,1.1020660400390625,10.817627266684818,1.9425296783447266,25.25641123453776,0,0.1871578497000945
256,2050,0,4840755200,30594072,158.22526664642746,0.1248780487804878,65536,0.0,0.014423076923076924,43.934807777404785,58.01680659994114,42.09005355834961,83.48885321550674,38.136606216430664,35.43484949999159,1.7130422592163086,6.934137133309075,1.701803207397461,4.524169366656376,2.3833560943603516,11.123650599984103,3.9534473419189453,48.05400371551514,0,0.504139797557215
256,2050,1,4840755200,15297036,316.4505332928549,0.1248780487804878,65536,0.0,0.014423076923076924,28.96796226501465,75.81005633328459,28.839106559753418,85.48036121283076,23.74122142791748,52.14369796667597,0.6492233276367188,6.256551533321423,1.8627262115478516,2.6613315333330925,2.7147912979125977,14.748475299954103,5.0978851318359375,33.336663246154785,0,0.33737698519955034
256,2060,0,4885463040,30866272,158.2783641639651,0.12427184466019417,65536,0.0,0.009615384615384616,41.62978649139404,70.45105059999818,40.02367973327637,100.17275152434499,37.15766429901123,52.598318833406665,0.9683895111083984,5.936197300009856,1.6667556762695312,1.4696528332327337,1.8369770050048828,10.446881633348918,2.8660154342651367,47.574432690938316,0,0.39954657453478665
256,2060,1,4885463040,15433136,316.5567283279302,0.12427184466019417,65536,0.0,0.009615384615384616,37.37500190734863,76.45692836680003,35.81693172454834,86.45901787858747,32.81449794769287,52.83157933336042,0.6360101699829102,5.981455200041334,2.0420169830322266,2.8293546667555347,1.882476806640625,14.81453916664274,3.0024337768554688,33.62743854522705,0,0.41426484597413865
256,2070,0,4930375680,31139672,158.33100875307872,0.12367149758454106,65536,0.0,0.004807692307692308,48.43367576599121,61.117397066724756,46.95794105529785,88.49020179501773,43.962035179138184,41.94446580004296,0.9618139266967773,7.350451699918874,1.6663551330566406,2.4647633667579307,1.8434715270996094,9.357716200004992,2.995905876159668,46.54573599497477,0,0.5306569552646418
256,2070,1,4930375680,15569836,316.66201750615744,0.12367149758454106,65536,0.0,0.004807692307692308,24.31370258331299,77.38211483338091,23.53616237640381,86.86754107754192,19.49420928955078,53.853513799913344,0.6365108489990234,5.893389400080196,1.8679285049438477,2.8283435000048485,2.315053939819336,14.806868133382523,4.041953086853027,33.01402727762858,0,0.2709431173537462
256,2080,0,4975493120,31414272,158.38320620640198,0.12307692307692308,65536,0.0,0.0,57.29206562042236,74.37450883323133,55.310378074645996,103.07407522886933,52.40501880645752,56.374511566658235,1.3656330108642578,5.636610166645066,1.6692447662353516,2.5341912666287194,1.8521690368652344,9.829195833299309,2.9053592681884766,46.6995636622111,0,0.5366080457363588
256,2080,1,4975493120,15707136,316.76641241280396,0.12307692307692308,65536,0.0,0.0,25.59732437133789,77.18689763338868,21.866488456726074,87.36067475692835,19.36628818511963,53.675340233409464,1.5374469757080078,5.9294304000407765,2.1392202377319336,2.6715692332800245,2.5543689727783203,14.910557766658409,2.5002002716064453,33.68533452351888,0,0.2503012770627885
256,2090,0,5020815360,31690072,158.43496221782013,0.12248803827751197,65536,0.0,0.010416666666666666,45.603952407836914,54.99516043346375,42.83528804779053,86.53847798365555,39.008402824401855,38.46871480006181,0.9890937805175781,5.649414566748116,2.061333656311035,1.5300582666289604,3.5451221466064453,9.346972800024863,3.826885223388672,48.06976318359375,0,0.49498545671072225
256,2090,1,5020815360,15845036,316.86992443564026,0.12248803827751197,65536,0.0,0.010416666666666666,22.683024406433105,57.779587600089144,21.02360725402832,69.43191231766832,18.525338172912598,35.32274903336656,0.8357858657836914,5.121525300031256,1.879420280456543,2.652698000019882,1.4424800872802734,14.682615266671442,2.4982690811157227,34.10916328430176,0,0.3027945875642899
256,2100,0,5066342400,31967072,158.4862823845737,0.1219047619047619,65536,0.0,0.005681818181818182,55.985002517700195,90.74961436672311,52.23200798034668,118.58995817650187,48.9686918258667,69.5569839333378,1.9688749313354492,7.539718166663079,2.4469518661499023,2.6147999333867724,2.6004838943481445,11.038112333335448,3.2633161544799805,49.03297424316406,0,0.4404420811297347
256,2100,1,5066342400,15983536,316.9725647691474,0.1219047619047619,65536,0.0,0.005681818181818182,22.182326316833496,59.77021669993216,20.600690841674805,69.75672587880885,18.798651695251465,36.204738866581465,0.5859041213989258,6.026431099962792,1.8396806716918945,2.796162200077864,0.9580898284912109,14.742884533310038,1.8020391464233398,33.55198701222738,0,0.2953219289200185
256,2200,0,5532876800,34803072,158.9766788403047,0.11636363636363636,65536,0.0,0.0036231884057971015,59.59958553314209,70.79467856674455,55.858521461486816,103.55783377187132,52.860779762268066,52.773865800069565,1.0169124603271484,6.205372466623278,1.7141485214233398,1.6030834667617455,4.007744789123535,10.21235683328996,2.99774169921875,50.78396797180176,0,0.5393944564786683
256,2200,1,5532876800,17401536,317.9533576806094,0.11636363636363636,65536,0.0,0.0036231884057971015,27.833285331726074,62.65032216676142,26.343488693237305,73.16238146061855,23.476734161376953,38.23095223342534,0.7900333404541016,6.307477433316914,1.9578075408935547,2.6793763333747243,1.6087102890014648,15.432516166644442,2.8667545318603516,34.9314292271932,0,0.3600687698693534
256,2300,0,6019891200,37759072,159.42900291617337,0.11130434782608696,65536,0.0,0.001736111111111111,54.7271728515625,76.15573506664077,49.97786998748779,113.16713372931795,45.78414440155029,59.59176103339511,3.2407093048095703,6.150537900005777,1.8599700927734375,1.3934872332659627,3.842349052429199,9.01994889997392,4.1937255859375,53.57537269592285,0,0.441628839933587
256,2300,1,6019891200,18879536,318.85800583234675,0.11130434782608696,65536,0.0,0.001736111111111111,28.48043918609619,84.09952706667052,27.221779823303223,95.27333413049442,23.536572456359863,58.50645536665979,0.8733797073364258,6.4737310000055,2.004580497741699,2.8324560333809736,2.065906524658203,16.286884666624246,3.6852073669433594,36.76687876383463,0,0.2857229682548736
256,2400,0,6527385600,40835072,159.84753498169417,0.10666666666666667,65536,0.0,0.0,66.43384456634521,77.76281409993923,64.81735229492188,109.73395925587586,61.50902271270752,55.69746913339865,1.1266469955444336,6.788990633261467,1.6959476470947266,1.578767666675655,2.102227210998535,13.697586666603456,3.3083295822143555,54.03649012247721,0,0.5906772409786275
256,2400,1,6527385600,20417536,319.69506996338833,0.10666666666666667,65536,0.0,0.0,29.903650283813477,91.45417813330519,28.102402687072754,103.74380004347282,25.311594009399414,65.36951116662142,0.8950614929199219,6.464222433351097,2.0356225967407227,2.8112027666793438,1.661372184753418,16.809241766653333,2.79080867767334,38.3742888768514,0,0.2708827195003144
256,2500,0,7055360000,44031072,160.23593520502976,0.1024,65536,0.0,0.011075949367088608,65.29595851898193,102.2625100332031,62.18100547790527,133.9248670212934,58.71429443359375,75.22595853333769,2.0273351669311523,7.1446274998985855,1.9190025329589844,4.821432566677686,2.635326385498047,15.070491433289135,3.4667110443115234,58.69890848795573,0,0.46429768317797765
256,2500,1,7055360000,22015536,320.4718704100595,0.1024,65536,0.0,0.011075949367088608,31.678895950317383,93.97247270001876,26.928696632385254,106.6092075110646,24.978861808776855,66.11581456672866,1.8917560577392578,6.74958556664933,2.2338247299194336,2.789473133331436,2.574453353881836,18.317599433309322,1.9498348236083984,40.49339294433594,0,0.2525925974038445
256,2600,0,7603814400,47347072,160.59735225020884,0.09846153846153846,65536,0.0,0.009146341463414634,71.60979270935059,88.31487170003432,70.02425193786621,122.00891174228067,66.4544153213501,61.50213079999958,1.1664772033691406,9.37104526674375,1.7096757888793945,2.5899298999623475,2.279224395751953,14.851765733328648,3.5698366165161133,60.50678094228109,0,0.5739273544688144
256,2600,1,7603814400,23673536,321.1947045004177,0.09846153846153846,65536,0.0,0.009146341463414634,32.884602546691895,85.7389127665859,31.099705696105957,98.92380484585979,28.10349464416504,57.25107439999798,0.9378337860107422,7.288529199892461,2.040872573852539,2.7077171666557356,1.8024015426635742,18.49159200003972,2.996211051940918,41.672730445861816,0,0.3143804036304974
256,2800,0,8762163200,54339072,161.24977621995458,0.09142857142857143,65536,0.0,0.005681818181818182,87.9684829711914,108.02223410003839,82.51739978790283,144.57011766620175,78.88415813446045,79.14394286660051,2.5568342208862305,8.688160966630676,2.31842041015625,2.5037696667520017,4.209070205688477,17.686360600055195,3.633241653442383,65.42617479960124,0,0.5707777037190177
256,2800,1,8762163200,27169536,322.49955243990917,0.09142857142857143,65536,0.0,0.005681818181818182,49.08302307128906,110.821118199965,44.60948944091797,125.79466058062584,41.77651405334473,80.51816973335615,1.860055923461914,7.680100133317562,2.1303176879882812,2.688330633342654,3.3161354064941406,19.93451769994863,2.832975387573242,45.27649084726969,0,0.3546214858008724
256,3000,0,10002432000,61811072,161.82265856835488,0.08533333333333333,65536,0.0,0.0026595744680851063,86.22343063354492,133.06916633324968,82.50089645385742,172.00017668219516,78.1143569946289,101.85507036658237,2.7863311767578125,8.977403300013975,1.9082117080688477,1.6013333999580937,3.4145307540893555,20.635359266695257,4.386539459228516,70.1451063156128,0,0.47965588201862364
256,3000,1,10002432000,30905536,323.64531713670976,0.08533333333333333,65536,0.0,0.0026595744680851063,36.772775650024414,97.81838383350987,35.73878765106201,113.49593424856721,32.6015567779541,65.65564100007275,0.825042724609375,7.778656433341287,1.9357681274414062,2.670062133377845,1.4104080200195312,21.714024266717995,3.13723087310791,47.84029324849447,0,0.31489046623283057
256,3500,0,13461504000,82591072,162.9898204977894,0.07314285714285715,65536,0.0,0.005681818181818182,114.3220853805542,177.5391669668655,112.92828559875488,228.81136715659522,108.2323408126831,143.75645299999937,1.464529037475586,12.033066800116407,1.7264080047607422,1.5196357666961073,2.8988075256347656,20.230011400053627,4.695944786071777,85.05491415659587,0,0.4935431617847394
256,3500,1,13461504000,41295536,325.9796409955788,0.07314285714285715,65536,0.0,0.005681818181818182,75.31558513641357,126.54511083334606,69.50210094451904,147.20111390233797,67.00018405914307,89.45411543330313,2.082386016845703,9.160583566699643,3.005051612854004,2.8175708999090907,3.227963447570801,25.1128409334342,2.5019168853759766,57.74699846903483,0,0.4721574389079073
